date,home_team,away_team,home_score,away_score,tournament,country,neutral,match_id,history_home_team,history_away_team,home_points_before,away_points_before,expected_result,calculated_result,home_points_after,away_points_after,home_rank,away_rank,home_points_off_before,away_points_off_before,home_points_def_before,away_points_def_before,expected_score_1,expected_score_2,home_points_off_after,away_points_off_after,home_points_def_after,away_points_def_after,home_rank_off,away_rank_off,home_rank_def,away_rank_def
2025-12-31,Ivory Coast,Gabon,3,2,African Nations Cup,Morocco,True,51287,Ivory Coast,Gabon,5111.0,4883.0,0.3384257684384187,0.34883798118734566,5111.0,4883.0,56.0,94.5,4946.0,4952.0,4919.0,4722.0,1.6504189010057957,1.1553018960165269,4968.230585728074,4967.790022489648,4903.209977510352,4699.769414271926,63.0,65.0,36.0,120.0
2025-12-31,Cameroon,Mozambique,2,1,African Nations Cup,Morocco,True,51288,Cameroon,Mozambique,5048.0,4830.0,0.32374770397088637,0.34883798118734566,5049.0,4829.0,68.0,103.0,4944.0,4902.0,4882.0,4696.0,1.7187242592300322,1.1247427356121227,4950.189121427473,4899.113145726398,4884.886854273602,4689.810878572527,68.0,83.0,44.0,124.0
2025-12-31,Burkina Faso,Sudan,2,0,African Nations Cup,Morocco,True,51289,Burkina Faso,Sudan,5052.0,4805.0,0.36624992411464247,0.6908136207871639,5065.0,4792.0,66.0,120.0,5043.0,4785.0,4845.0,4809.0,1.6787145879638827,0.0,5049.981678418962,4785.0,4845.0,4802.018321581038,37.0,134.0,59.0,75.0
2025-12-31,Algeria,Equatorial Guinea,3,1,African Nations Cup,Morocco,True,51290,Algeria,Equatorial Guinea,5227.0,4827.0,0.5865012543578326,0.6908136207871639,5231.0,4823.0,32.0,104.0,5160.0,4799.0,4848.0,4767.0,2.1602111678713785,0.0,5175.718860312106,4816.948717948718,4830.051282051282,4751.281139687894,19.0,121.0,62.0,101.0
2026-01-03,Senegal,Sudan,3,1,African Nations Cup,Morocco,True,51291,Senegal,Sudan,5289.0,4792.0,0.721682124925302,0.6908136207871639,5288.0,4793.0,26.0,118.5,5146.0,4785.0,4954.0,4802.018321581038,2.0054393187820385,0.0,5163.876020784836,4802.948717948718,4936.051282051282,4784.142300796202,20.0,126.0,26.0,85.0
2026-01-03,Mali,Tunisia,1,1,African Nations Cup,Morocco,True,51292,Mali,Tunisia,5115.0,5106.0,0.013438788474688814,0.0,5114.0,5107.0,55.0,59.0,4920.0,5010.0,4926.0,4827.0,1.30153890919334,1.2790594507403374,4913.407006991881,5003.855364501826,4932.144635498174,4833.592993008119,79.0,57.0,27.0,62.0
2026-01-04,Morocco,Tanzania,1,0,African Nations Cup,Morocco,False,51293,Morocco,Tanzania,5305.0,4816.0,0.5183796251605636,0.015504647854012324,5285.0,4836.0,26.5,103.0,5077.0,4764.0,4895.0,4776.0,2.303933891740538,0.0,5055.288104719923,4764.0,4895.0,4797.711895280077,33.0,143.0,39.0,77.0
2026-01-04,Cameroon,South Africa,2,1,African Nations Cup,Morocco,True,51294,Cameroon,South Africa,5049.0,5006.0,0.06419445500573245,0.34883798118734566,5060.0,4995.0,67.0,75.0,4950.189121427473,4934.0,4884.886854273602,4768.0,1.5346653197504512,1.1937358408647802,4959.868226393952,4929.616461922378,4889.270392351224,4758.320895033521,67.0,75.0,42.0,97.0
2026-01-05,Nigeria,Mozambique,4,0,African Nations Cup,Morocco,True,51295,Nigeria,Mozambique,5108.0,4829.0,0.41290582317409313,1.3298213678932875,5145.0,4792.0,49.0,120.0,5036.0,4899.113145726398,4807.0,4689.810878572527,2.012287967187381,1.2993152782306816,5064.467274946395,4877.454360079213,4828.658785647185,4661.343603626132,30.0,94.0,64.0,133.0
2026-01-05,Egypt,Benin,3,1,African Nations Cup,Morocco,True,51296,Egypt,Benin,5024.0,4904.0,0.178888503158106,0.6908136207871639,5044.0,4884.0,69.0,92.0,4860.0,4912.0,4857.0,4827.0,1.1553018960165269,1.2079311027804573,4887.215402212932,4907.3167632378945,4861.6832367621055,4799.784597787068,91.0,82.0,54.0,75.0
2026-01-06,Ivory Coast,Burkina Faso,3,0,African Nations Cup,Morocco,True,51297,Ivory Coast,Burkina Faso,5111.0,5065.0,0.0686710237749762,1.0195941435805678,5149.0,5027.0,49.0,70.0,4968.230585728074,5049.981678418962,4903.209977510352,4845.0,1.3784500422858321,1.4398391640045087,4993.33447667289,5026.757605435732,4926.434050493581,4819.896109055185,58.0,48.0,28.0,65.0
2026-01-06,Algeria,DR Congo,1,0,African Nations Cup,Morocco,True,51298,Algeria,DR Congo,5231.0,5088.0,0.21302720417707852,0.34883798118734566,5236.0,5083.0,31.0,63.0,5175.718860312106,4949.0,4830.051282051282,4942.0,1.6779158654589803,1.3674248846960295,5162.455800931574,4926.569671519704,4852.481610531579,4955.263059380532,20.0,75.0,58.0,21.0
2026-01-09,Senegal,Mali,1,0,African Nations Cup,Morocco,True,51299,Senegal,Mali,5288.0,5114.0,0.2589154917090886,0.34883798118734566,5292.0,5110.0,25.0,57.5,5163.876020784836,4913.407006991881,4936.051282051282,4932.144635498174,1.6722747264890818,0.0,5150.702557247644,4913.407006991881,4936.051282051282,4945.318099035366,21.0,79.0,27.0,25.0
2026-01-09,Morocco,Cameroon,2,0,African Nations Cup,Morocco,False,51300,Morocco,Cameroon,5285.0,5060.0,0.14171702843603076,0.3574802874538306,5294.0,5051.0,25.0,67.0,5055.288104719923,4959.868226393952,4895.0,4889.270392351224,1.8774211551985929,0.0,5058.126912101526,4959.868226393952,4895.0,4886.43158496962,33.0,67.0,39.0,42.0
2026-01-10,Nigeria,Algeria,2,0,African Nations Cup,Morocco,True,51301,Nigeria,Algeria,5145.0,5236.0,-0.1357527158532171,0.6908136207871639,5178.0,5203.0,44.0,40.0,5064.467274946395,5162.455800931574,4828.658785647185,4852.481610531579,1.6167351317277403,1.973989259317629,5072.638574508095,5134.1054618560265,4857.009124722733,4844.310310969879,30.0,22.0,56.0,59.0
2026-01-10,Egypt,Ivory Coast,3,2,African Nations Cup,Morocco,True,51302,Egypt,Ivory Coast,5044.0,5149.0,-0.15658825919176023,0.34883798118734566,5064.0,5129.0,66.0,52.0,4887.215402212932,4993.33447667289,4861.6832367621055,4926.434050493581,0.0,1.4002584231989832,4922.808622551915,5005.330193915088,4849.687519519907,4890.840830154598,77.0,57.0,58.0,41.0
2026-01-14,Senegal,Egypt,1,0,African Nations Cup,Morocco,True,51303,Senegal,Egypt,5292.0,5064.0,0.3384257684384187,0.34883798118734566,5292.0,5064.0,26.0,66.0,5150.702557247644,4922.808622551915,4936.051282051282,4849.687519519907,1.87441292862099,0.0,5134.485755810968,4922.808622551915,4936.051282051282,4865.904320956583,21.0,77.0,27.0,52.0
2026-01-14,Morocco,Nigeria,0,0,African Nations Cup,Morocco,False,51304,Morocco,Nigeria,5294.0,5178.0,-0.019363352152548252,-0.3333333333333333,5281.0,5191.0,27.0,43.0,5058.126912101526,5072.638574508095,4895.0,4857.009124722733,1.984216992011542,1.175830486737014,5029.689357081349,5052.444374984973,4915.194199523122,4885.4466797429095,46.0,33.0,31.0,44.0
2026-01-17,Egypt,Nigeria,0,0,African Nations Cup,Morocco,True,51305,Egypt,Nigeria,5064.0,5191.0,-0.1892860068931833,0.0,5072.0,5183.0,65.0,43.5,4922.808622551915,5052.444374984973,4865.904320956583,4885.4466797429095,1.1656454228254265,1.5465186897351986,4902.7391941803,5028.098068169403,4890.250627772154,4905.516108114524,83.0,46.0,43.0,36.0
2026-01-17,Canada,Guatemala,1,0,Friendly,United States,True,51306,Canada,Guatemala,5285.0,4931.0,0.5210871850345279,0.34883798118734566,5282.0,4934.0,26.0,84.0,5045.0,4950.0,4991.0,4761.0,1.8237246963720553,0.0,5029.515308341075,4950.0,4991.0,4776.484691658925,45.0,69.0,12.0,90.0
2026-01-18,Morocco,Senegal,0,1,African Nations Cup,Morocco,False,51307,Morocco,Senegal,5281.0,5292.0,-0.20873280244320705,-0.6821713145206783,5262.0,5311.0,28.0,23.0,5029.689357081349,5134.485755810968,4915.194199523122,4936.051282051282,1.666343252309527,1.277298103095081,5004.145060208206,5128.376518784154,4921.303436549936,4961.595578924425,57.0,22.0,29.0,19.0
2026-01-18,Grenada,Jamaica,0,1,Friendly,Grenada,False,51308,Grenada,Jamaica,4376.0,4926.0,-0.9860712607526181,-0.6821713145206783,4382.0,4920.0,172.0,85.0,4653.0,4858.0,4378.0,4792.0,0.0,2.005496114890327,4653.0,4839.978031478774,4396.021968521226,4792.0,170.0,112.0,174.0,82.0
2026-01-18,Bolivia,Panama,1,1,Friendly,Bolivia,False,51309,Bolivia,Panama,5074.0,5102.0,-0.23411386673033513,-0.3333333333333333,5072.0,5104.0,64.5,60.0,5017.0,5036.0,4792.0,4818.0,1.977691372866717,1.3394308415826945,4999.350736683287,5028.665329166533,4799.334670833467,4835.649263316713,58.0,44.0,76.0,62.0
2026-01-22,Panama,Mexico,0,1,Friendly,Panama,False,51310,Panama,Mexico,5104.0,5268.0,-0.4364377015701332,-0.6821713145206783,5099.0,5273.0,60.0,27.0,5028.665329166533,5022.0,4835.649263316713,4948.0,1.6298147387031745,1.1967132815964832,5003.479523942657,5017.55337273438,4840.095890582333,4973.185805223877,57.0,49.0,62.0,16.0
2026-01-25,Bolivia,Mexico,0,1,Friendly,Bolivia,False,51311,Bolivia,Mexico,5072.0,5273.0,-0.49105262456157717,-0.6821713145206783,5068.0,5277.0,65.0,27.0,4999.350736683287,5017.55337273438,4799.334670833467,4973.185805223877,1.48068886546298,1.2746330133582577,4975.690480553352,5011.497771707684,4805.390271860163,4996.846061353812,60.0,52.0,74.0,11.0
2026-01-26,China,Uzbekistan,2,2,Friendly,United Arab Emirates,True,51312,China,Uzbekistan,4797.0,5123.0,-0.48090682358684894,0.0,4807.0,5113.0,110.0,56.0,4748.0,4909.0,4699.0,4911.0,0.0,1.611200822720666,4776.571428571428,4917.275343352545,4690.724656647455,4882.428571428572,139.0,79.0,123.0,47.0
2026-02-21,Martinique,Jamaica,0,2,Friendly,Martinique,False,51313,Martinique,Jamaica,4682.0,4920.0,-0.5453885215376244,-1.0241469541204973,4672.0,4930.0,145.0,85.0,4729.0,4839.978031478774,4689.0,4792.0,1.251845113207474,1.113045027700081,4707.893924138508,4856.372957881421,4672.605073597353,4813.106075861492,162.0,101.0,129.0,69.0
2026-02-25,Mexico,Iceland,4,0,Friendly,Mexico,False,51314,Mexico,Iceland,5277.0,5110.0,0.05625976447072359,0.9964880345599543,5296.0,5091.0,26.0,61.0,5011.497771707684,5103.0,4996.846061353812,4774.0,2.097959328258469,0.0,5039.224077277191,5103.0,4996.846061353812,4746.2736944304925,39.0,27.0,11.0,104.0
2026-03-15,Bolivia,Trinidad and Tobago,3,0,Friendly,Bolivia,False,51315,Bolivia,Trinidad and Tobago,5068.0,4756.0,0.2684134094090785,0.6862608102472345,5076.0,4748.0,64.0,129.0,4975.690480553352,4857.0,4805.390271860163,4635.0,2.43746705879514,0.0,4987.062879474311,4857.0,4805.390271860163,4623.627601079042,60.0,100.0,75.0,140.0
2026-03-25,Equatorial Guinea,Kyrgyzstan,1,0,Friendly,Turkey,True,51316,Equatorial Guinea,Kyrgyzstan,4823.0,4703.0,0.178888503158106,0.34883798118734566,4826.0,4700.0,104.0,138.0,4816.948717948718,4829.0,4751.281139687894,4593.0,1.6502744021366365,1.2634846075014743,4804.127396835575,4807.757235618033,4772.523904069862,4605.821321113142,125.0,124.0,91.0,146.0
2026-03-25,DR Congo,Bermuda,2,0,Friendly,Mexico,True,51317,DR Congo,Bermuda,5083.0,4372.0,1.0038161395432152,0.6908136207871639,5077.0,4378.0,63.0,173.0,4926.569671519704,4775.0,4955.263059380532,4321.0,2.8964353885988956,0.0,4910.0408831224695,4775.0,4955.263059380532,4337.528788397234,81.0,140.0,23.0,181.0
2026-03-25,US Virgin Islands,Eastern Samoa,5,2,FIFA Series,Puerto Rico,True,51318,US Virgin Islands,Eastern Samoa,3511.0,2325.0,1.5303677605936552,1.0195941435805678,3491.0,2345.0,214.0,221.0,4110.0,3436.0,3947.0,2888.0,5.6247384760211,0.0,4097.592925370496,3464.5714285714284,3918.4285714285716,2900.4070746295038,215.0,221.0,212.0,221.0
2026-03-25,Puerto Rico,Guam,4,0,FIFA Series,Puerto Rico,False,51319,Puerto Rico,Guam,4473.0,3753.0,0.8228220608285347,0.9964880345599543,4480.0,3746.0,165.0,208.0,4688.0,4169.0,4457.0,3995.0,3.7837344015076644,0.0,4692.857927354391,4169.0,4457.0,3990.142072645609,165.0,213.0,169.0,210.0
2026-03-25,Kazakhstan,Namibia,2,0,FIFA Series,Kazakhstan,False,51320,Kazakhstan,Namibia,4879.0,4764.0,-0.02084969326083846,0.3574802874538306,4894.0,4749.0,90.0,128.0,4844.0,4854.0,4680.0,4747.0,1.675874418076297,1.1671622410867648,4851.037191994587,4833.9119503887205,4700.0880496112795,4739.962808005413,103.0,116.0,119.0,110.0
2026-03-25,Eritrea,Eswatini,2,0,African Nations Cup qualifier,Morocco,True,51321,Eritrea,Eswatini,4584.0,4670.0,-0.12830685526310587,0.6908136207871639,4617.0,4637.0,152.0,150.0,4734.0,4851.0,4621.0,4683.0,1.1982767554266494,1.6673680423562252,4749.160676099275,4825.445728506537,4646.554271493463,4667.839323900725,151.0,117.0,136.0,130.0
2026-03-26,Poland,Albania,2,1,World Cup qualifier,Poland,False,51322,Poland,Albania,5227.0,5150.0,-0.0774088798221953,0.015504647854012324,5231.0,5146.0,32.0,49.0,5058.0,4932.0,4862.0,4925.0,1.7796039360637377,0.0,5062.944155856958,4949.948717948718,4844.051282051282,4920.055844143042,31.0,70.0,59.0,29.0
2026-03-26,Italy,Northern Ireland,2,0,World Cup qualifier,Italy,False,51323,Italy,Northern Ireland,5386.0,5121.0,0.20021942461671824,0.3574802874538306,5392.0,5115.0,17.0,55.0,5181.0,4973.0,4911.0,4881.0,2.3006171262716983,0.0,5174.425268312699,4973.0,4911.0,4887.574731687301,18.0,61.0,34.0,43.0
2026-03-26,Denmark,North Macedonia,4,0,World Cup qualifier,Denmark,False,51324,Denmark,North Macedonia,5404.0,5040.0,0.34306498657131307,0.9964880345599543,5430.0,5014.0,13.0,70.0,5193.0,4913.0,4956.0,4811.0,2.5803582022560985,0.0,5216.005362596032,4913.0,4956.0,4787.994637403968,13.0,80.0,22.0,85.0
2026-03-26,Czechia,Ireland,2,2,World Cup qualifier,Czechia,False,51325,Czechia,Ireland,5221.0,5170.0,-0.11617668408607236,-0.3333333333333333,5212.0,5179.0,38.0,45.0,5051.0,4937.0,4879.0,4876.0,1.9044752142923407,0.0,5053.232241586329,4965.571428571428,4850.428571428572,4873.767758413671,33.0,66.0,57.0,51.0
2026-03-26,Saint Martin,Barbados,3,1,CONCACAF Series,Bonaire,True,51326,Saint Martin,Barbados,4116.0,4077.0,0.0582250799031812,0.6908136207871639,4141.0,4052.0,191.0,197.0,4470.0,4576.0,4287.0,4236.0,1.6787145879638827,1.838549206594821,4491.9103826949995,4560.299138190266,4302.700861809734,4214.0896173050005,190.0,180.0,186.0,198.0
2026-03-26,Dominican Republic,El Salvador,2,2,CONCACAF Series,Dominican Republic,False,51327,Dominican Republic,El Salvador,4761.0,4645.0,-0.019363352152548252,-0.3333333333333333,4748.0,4658.0,128.5,146.5,4829.0,4688.0,4629.0,4697.0,1.776681370847447,0.0,4834.005030192811,4716.571428571428,4600.428571428572,4691.994969807189,114.0,161.0,148.0,123.0
2026-03-26,Anguilla,Bahamas,3,1,CONCACAF Series,Cayman Islands,True,51328,Anguilla,Bahamas,3596.0,3568.0,0.04180617442264282,0.6908136207871639,3622.0,3542.0,212.0,213.0,4185.0,4389.0,4039.0,3827.0,2.0491257809251704,2.0241382273187742,4202.284697330683,4370.731103299769,4057.268896700231,3809.715302669317,211.0,204.0,207.0,215.0
2026-03-26,Cayman Islands,British Virgin Islands,1,1,CONCACAF Series,Cayman Islands,False,51329,Cayman Islands,British Virgin Islands,3898.0,3893.0,-0.1848416504876429,-0.3333333333333333,3892.0,3899.0,206.0,205.0,4310.0,4349.0,4129.0,4211.0,1.6815571133728526,1.2790594507403374,4296.679258091973,4342.855364501826,4135.144635498174,4224.320741908027,207.0,205.0,205.0,198.0
2026-03-26,Bonaire,St Vincent & Grenadines,3,1,CONCACAF Series,Bonaire,False,51330,Bonaire,St Vincent & Grenadines,3988.0,4464.0,-0.8850667429679522,0.3574802874538306,4038.0,4414.0,199.0,170.0,4430.0,4751.0,4226.0,4495.0,1.2469278538309059,2.147370344653203,4456.372909419182,4731.1560229762945,4245.8439770237055,4468.627090580818,196.0,157.0,196.0,167.0
2026-03-26,Jamaica,New Caledonia,1,0,World Cup qualifier,Mexico,True,51331,Jamaica,New Caledonia,4930.0,4459.0,0.6858435077756179,0.34883798118734566,4917.0,4472.0,85.0,167.0,4856.372957881421,4670.0,4813.106075861492,4487.0,2.0849070109629007,0.0,4837.315175464297,4670.0,4813.106075861492,4506.057782417124,110.0,168.0,69.0,160.0
2026-03-26,Slovakia,Kosovo,3,4,World Cup qualifier,Slovakia,False,51332,Slovakia,Kosovo,5142.0,5200.0,-0.27888043913051563,-0.6821713145206783,5126.0,5216.0,52.0,36.0,4955.0,5016.0,4901.0,4891.0,1.5834707959320042,0.0,4977.971475367597,5056.579710144928,4860.420289855072,4868.028524632403,61.0,33.0,53.0,50.0
2026-03-26,Bolivia,Suriname,2,1,World Cup qualifier,Mexico,True,51333,Bolivia,Suriname,5076.0,4866.0,0.3119893372984081,0.34883798118734566,5077.0,4865.0,63.5,98.0,4987.062879474311,4888.0,4805.390271860163,4756.0,1.6703793679305285,1.275604050298812,4994.20719977489,4881.924846040204,4811.465425819959,4748.855679699421,58.0,92.0,71.0,101.0
2026-03-26,Cuba,Martinique,2,2,CONCACAF Series,Dominican Republic,True,51334,Cuba,Martinique,4597.0,4672.0,-0.11191834826127317,0.0,4601.0,4668.0,155.0,145.0,4733.0,4707.893924138508,4623.0,4672.605073597353,1.2210123220317755,1.2812836401215955,4747.821777682031,4721.796684174992,4609.097239963516,4657.783295915322,152.0,160.0,144.0,133.0
2026-03-26,Sweden,Ukraine,3,1,World Cup qualifier,Spain,True,51335,Sweden,Ukraine,5214.0,5248.0,-0.05076246262136292,0.6908136207871639,5244.0,5218.0,29.0,36.0,5122.0,5138.0,4793.0,4902.0,1.6391665991217022,2.008597266593078,5144.356738482627,5119.936791169315,4811.063208830685,4879.643261517373,20.0,25.0,72.0,47.0
2026-03-26,Moldova,Lithuania,0,2,Friendly,Moldova,False,51336,Moldova,Lithuania,4696.0,4816.0,-0.3711961954657986,-1.0241469541204973,4683.0,4829.0,141.0,104.0,4790.0,4760.0,4594.0,4685.0,1.6986617272264246,1.148214170817534,4764.143277336129,4775.892433832175,4578.107566167825,4710.856722663871,144.0,139.0,155.0,115.0
2026-03-26,Wales,Bosnia and Herzegovina,1,1,World Cup qualifier,Wales,False,51337,Wales,Bosnia and Herzegovina,5222.0,5067.0,0.03850104322233195,-0.3333333333333333,5207.0,5082.0,39.0,63.0,5014.0,4992.0,4868.0,4763.0,2.140963995048977,0.0,4994.235537918357,5009.948717948718,4850.051282051282,4782.764462081643,58.0,52.0,57.0,87.0
2026-03-26,Vietnam,Bangladesh,3,0,Friendly,Vietnam,False,51338,Vietnam,Bangladesh,4639.0,4239.0,0.39419356205014033,0.6862608102472345,4645.0,4233.0,149.0,179.0,4712.0,4386.0,4553.0,4400.0,2.340572759988594,0.0,4724.968352402858,4386.0,4553.0,4387.031647597142,160.0,200.0,158.0,174.0
2026-03-26,Georgia,Israel,2,2,Friendly,Georgia,False,51339,Georgia,Israel,5169.0,5122.0,-0.12214457254587091,-0.3333333333333333,5165.0,5126.0,47.0,52.5,5038.0,5106.0,4806.0,4768.0,2.202202768805318,1.4855960053502144,5033.437373095433,5116.545992706753,4795.454007293247,4772.562626904567,44.0,26.0,80.0,92.0
2026-03-26,France,Brazil,2,1,Friendly,United States,True,51340,France,Brazil,5551.0,5497.0,0.08060637546837077,0.34883798118734566,5556.0,5492.0,5.0,10.0,5250.0,5234.0,5035.0,5082.0,1.4963199256930904,1.5807107626914887,5260.3586719173845,5222.321421640628,5046.678578359372,5071.6413280826155,7.0,12.0,8.0,5.0
2026-03-26,Turkey,Romania,1,0,World Cup qualifier,Turkey,False,51341,Turkey,Romania,5377.0,5156.0,0.13584578915384057,0.015504647854012324,5372.0,5161.0,19.0,48.0,5213.0,5007.0,4892.0,4770.0,2.7986442075399895,0.0,5186.203952253768,5007.0,4892.0,4796.796047746232,15.0,53.0,37.0,80.0
2026-03-26,Croatia,Colombia,2,1,Friendly,United States,True,51342,Croatia,Colombia,5424.0,5533.0,-0.16253750751540533,0.34883798118734566,5434.0,5523.0,13.0,9.0,5183.0,5283.0,4982.0,5069.0,1.354736715173569,1.8743678303822788,5195.740500862424,5266.783841194789,4998.216158805211,5056.259499137576,15.0,6.0,10.0,7.0
2026-03-26,Liechtenstein,Tanzania,1,0,FIFA Series,Rwanda,True,51343,Liechtenstein,Tanzania,4343.0,4836.0,-0.7161883706229174,0.34883798118734566,4386.0,4793.0,172.0,117.0,4541.0,4764.0,4346.0,4797.711895280077,0.0,2.241315626618705,4558.948717948718,4733.484057144631,4376.515942855369,4779.76317733136,181.0,156.0,176.0,89.0
2026-03-26,Cyprus,Belarus,0,1,Friendly,Cyprus,False,51344,Cyprus,Belarus,4801.0,4972.0,-0.4467893559678602,-0.6821713145206783,4796.0,4977.0,113.5,77.0,4888.0,4926.0,4584.0,4811.0,1.6195658057127436,1.6000805173906196,4862.915819069037,4913.998665742507,4596.001334257493,4836.084180930963,98.0,78.0,150.0,63.0
2026-03-26,Myanmar,Afghanistan,2,1,Asian Cup qualifier,Myanmar,False,51345,Myanmar,Afghanistan,4118.0,4329.0,-0.5057675798984373,0.015504647854012324,4139.0,4308.0,192.0,176.5,4525.0,4552.0,4185.0,4484.0,1.520586859895931,1.6702011451909566,4534.930398686398,4538.85954145005,4198.14045854995,4474.069601313602,186.0,184.0,202.0,165.0
2026-03-26,South Sudan,Djibouti,4,0,African Nations Cup qualifier,South Sudan,False,51346,South Sudan,Djibouti,4573.0,4308.0,0.20021942461671824,0.9964880345599543,4605.0,4276.0,155.0,177.0,4742.0,4736.0,4623.0,4331.0,2.6830509918104566,0.0,4763.860930828007,4736.0,4623.0,4309.139069171993,145.0,155.0,141.0,185.0
2026-03-26,Lesotho,Seychelles,0,0,African Nations Cup qualifier,South Africa,True,51347,Lesotho,Seychelles,4624.0,4087.0,0.7762082111784465,0.0,4593.0,4118.0,157.0,194.0,4783.0,4681.0,4710.0,4180.0,2.886905717754678,0.0,4748.079196016133,4681.0,4710.0,4214.920803983867,151.0,167.0,116.0,199.0
2026-03-26,Malta,Luxembourg,0,2,European Nations League C/D,Malta,False,51348,Malta,Luxembourg,4736.0,4884.0,-0.4127465290946684,-1.0241469541204973,4712.0,4908.0,135.5,86.0,4758.0,4789.0,4602.0,4753.0,1.42466685092828,1.1982767554266494,4734.940031914002,4804.160676099275,4586.839323900725,4776.059968085998,155.0,125.0,153.0,93.0
2026-03-26,Gibraltar,Latvia,0,1,European Nations League C/D,Gibraltar,False,51349,Gibraltar,Latvia,4428.0,4809.0,-0.7518840087794908,-0.6821713145206783,4431.0,4806.0,169.0,109.0,4605.0,4780.0,4404.0,4701.0,1.1719229912141473,1.6958050703945053,4584.853595079771,4766.454673161059,4417.545326838941,4721.146404920229,177.0,142.0,171.0,115.0
2026-03-26,Aruba,Macao,4,1,FIFA Series,Rwanda,True,51350,Aruba,Macao,4200.0,3660.0,0.7802668052142884,1.0195941435805678,4210.0,3650.0,182.0,211.0,4578.0,4156.0,4370.0,4054.0,2.601443926909335,0.0,4600.774839609329,4173.948717948718,4352.051282051282,4031.225160390671,175.0,213.0,178.0,208.0
2026-03-27,Venezuela,Trinidad and Tobago,4,1,FIFA Series,Uzbekistan,True,51351,Venezuela,Trinidad and Tobago,5196.0,4748.0,0.653891793422006,1.0195941435805678,5211.0,4733.0,39.0,133.0,5040.0,4857.0,4912.0,4623.627601079042,2.2359908469699046,0.0,5066.47521406168,4874.948717948718,4894.051282051282,4597.152387017361,30.0,97.0,36.0,148.0
2026-03-27,New Zealand,Finland,0,2,FIFA Series,New Zealand,False,51352,New Zealand,Finland,5098.0,5003.0,-0.05059996804591071,-1.0241469541204973,5059.0,5042.0,66.0,69.0,5039.0,4968.0,4883.0,4732.0,2.323883629528014,0.0,5007.859977441408,4996.571428571428,4854.428571428572,4763.140022558592,52.0,58.0,54.0,97.0
2026-03-27,China,Curaçao,2,0,FIFA Series,Australia,True,51353,China,Curaçao,4807.0,4896.0,-0.13277464549720627,0.6908136207871639,4840.0,4863.0,102.0,98.0,4776.571428571428,4846.0,4690.724656647455,4759.0,1.119078366973444,1.4623364616995826,4792.880815619606,4822.534695749009,4714.189960898446,4742.690612951822,129.0,118.0,116.0,107.0
2026-03-27,Chile,Cape Verde,4,2,FIFA Series,New Zealand,True,51354,Chile,Cape Verde,5227.0,5000.0,0.3369589813002737,0.6908136207871639,5241.0,4986.0,30.5,75.0,5051.0,4941.0,4938.0,4864.0,1.5477743442569236,1.0853863786042826,5083.071853270578,4957.783601132917,4921.216398867083,4831.928146729422,28.0,70.0,28.0,65.0
2026-03-27,Bulgaria,Solomon Islands,10,2,FIFA Series,Indonesia,True,51355,Bulgaria,Solomon Islands,4890.0,4221.0,0.950397229726608,2.324128695937471,4945.0,4166.0,83.0,187.0,4887.0,4493.0,4708.0,4325.0,2.736937969033696,0.0,4937.02570491241,4521.571428571428,4679.428571428572,4274.97429508759,74.0,188.0,126.0,191.0
2026-03-27,Australia,Cameroon,1,0,FIFA Series,Australia,False,51356,Australia,Cameroon,5234.0,5051.0,0.07989960161675534,0.015504647854012324,5231.0,5054.0,32.5,67.0,5064.0,4959.868226393952,4955.0,4886.43158496962,1.9122459644841898,0.0,5047.249449770869,4959.868226393952,4955.0,4903.182135198751,37.0,69.0,24.0,36.0
2026-03-27,Estonia,Kenya,1,1,FIFA Series,Rwanda,True,51357,Estonia,Kenya,4840.0,4793.0,0.0701631197618214,0.0,4837.0,4796.0,103.0,114.0,4837.0,4880.0,4635.0,4687.0,1.4483598576139347,1.7101119032823604,4827.62669743767,4866.230943925984,4648.769056074016,4696.37330256233,115.0,98.0,136.0,123.0
2026-03-27,Uzbekistan,Gabon,3,1,FIFA Series,Uzbekistan,False,51358,Uzbekistan,Gabon,5113.0,4883.0,0.14905095932082993,0.3574802874538306,5121.0,4875.0,55.0,95.0,4917.275343352545,4967.790022489648,4882.428571428572,4699.769414271926,2.035070317450493,0.0,4934.751748701765,4985.738740438366,4864.479853479854,4682.293008922706,75.0,62.0,49.0,125.0
2026-03-27,Rwanda,Grenada,4,0,FIFA Series,Rwanda,False,51359,Rwanda,Grenada,4798.0,4382.0,0.4167598505623647,0.9964880345599543,4821.0,4359.0,106.5,175.0,4768.0,4653.0,4790.0,4396.021968521226,2.545325594188154,0.0,4791.38342638681,4653.0,4790.0,4372.638542134416,131.0,170.0,84.0,176.0
2026-03-27,Indonesia,Saint Kitts and Nevis,4,0,FIFA Series,Indonesia,False,51360,Indonesia,Saint Kitts and Nevis,4676.0,4049.0,0.7036733716406357,0.9964880345599543,4688.0,4037.0,140.0,199.0,4758.0,4531.0,4590.0,4212.0,3.1869066930240866,0.0,4773.328602537777,4531.0,4590.0,4196.671397462223,140.0,187.0,151.0,203.0
2026-03-27,Chad,Burundi,0,4,African Nations Cup qualifier,Chad,False,51361,Chad,Burundi,4591.0,4755.0,-0.4364377015701332,-1.6631547012266203,4542.0,4804.0,161.0,112.0,4781.0,4781.0,4629.0,4739.0,1.5232949884744245,1.1154206517646263,4756.89338954986,4815.906696273096,4594.093303726904,4763.10661045014,146.0,120.0,149.0,98.0
2026-03-27,Azerbaijan,Saint Lucia,6,1,FIFA Series,Azerbaijan,False,51362,Azerbaijan,Saint Lucia,4793.0,4154.0,0.7193203442345357,1.284076717076701,4816.0,4131.0,109.0,193.0,4811.0,4540.0,4649.0,4300.0,3.05220297073993,0.0,4846.286072860555,4557.948717948718,4631.051282051282,4264.713927139445,106.0,182.0,137.0,193.0
2026-03-27,Mauritius,Somalia,0,0,African Nations Cup qualifier,Mozambique,True,51363,Mauritius,Somalia,4610.0,4493.0,0.17443056213433075,0.0,4603.0,4500.0,154.0,163.0,4661.0,4737.0,4695.0,4604.0,1.2127725052216005,1.176693232785949,4640.358431506306,4716.795260130788,4715.204739869212,4624.641568493694,171.0,162.0,116.0,139.0
2026-03-27,Sint Maarten,Belize,3,2,CONCACAF Series,Dominican Republic,True,51365,Sint Maarten,Belize,4024.0,4377.0,-0.519656721619982,0.34883798118734566,4059.0,4342.0,196.0,175.0,4470.0,4609.0,4174.0,4467.0,1.0853863786042826,2.2973027012230536,4497.83669968907,4602.49101695074,4180.50898304926,4439.16330031093,190.0,174.0,204.0,170.0
2026-03-27,Algeria,Guatemala,7,0,Friendly,Italy,True,51366,Algeria,Guatemala,5203.0,4934.0,0.39835501945664287,2.115287219910072,5237.0,4900.0,32.0,90.0,5134.1054618560265,4950.0,4844.310310969879,4776.484691658925,2.047937887566951,1.333560002627368,5178.252380577089,4927.950188464087,4866.360122505792,4732.337772937863,18.0,76.0,49.0,113.0
2026-03-27,Greece,Paraguay,0,1,Friendly,Greece,False,51367,Greece,Paraguay,5310.0,5321.0,-0.20873280244320705,-0.6821713145206783,5301.0,5330.0,24.0,22.0,5156.0,5073.0,4912.0,5002.0,1.8415211624099699,1.1364487738365767,5128.813264572001,5069.854412875046,4915.145587124954,5029.186735427999,21.0,30.0,32.0,9.0
2026-03-27,Austria,Ghana,5,1,Friendly,Austria,False,51368,Austria,Ghana,5356.0,5052.0,0.256851420073919,0.9964880345599543,5371.0,5037.0,20.0,69.0,5123.0,4971.0,4974.0,4853.0,2.202202768805318,0.0,5157.372196523842,4988.948717948718,4956.051282051282,4818.627803476158,20.0,61.0,21.0,68.0
2026-03-27,Switzerland,Germany,3,4,Friendly,Switzerland,False,51369,Switzerland,Germany,5441.0,5536.0,-0.3340154165694739,-0.6821713145206783,5434.0,5543.0,12.5,7.0,5210.0,5256.0,4998.0,4959.0,2.140963995048977,1.3752770309357178,5225.996792865876,5289.2560761622435,4964.7439238377565,4943.003207134124,12.0,6.0,16.0,26.0
2026-03-27,Spain,Serbia,3,0,Friendly,Spain,False,51370,Spain,Serbia,5720.0,5222.0,0.5307467253280991,0.6862608102472345,5723.0,5219.0,1.0,35.0,5430.0,5024.0,5058.0,4950.0,2.935274359374027,0.0,5431.528234107646,5024.0,5058.0,4948.471765892354,1.0,48.0,6.0,24.0
2026-03-27,South Africa,Panama,1,1,Friendly,South Africa,False,51371,South Africa,Panama,4995.0,5099.0,-0.34740836699208566,-0.3333333333333333,4995.0,5099.0,74.0,59.0,4929.616461922378,5003.479523942657,4758.320895033521,4840.095890582333,1.6547062732809328,1.3423798431459635,4916.723852630256,4996.087857888822,4765.712561087355,4852.988499874455,78.0,58.0,96.0,55.0
2026-03-27,Saudi Arabia,Egypt,0,4,Friendly,Saudi Arabia,False,51372,Saudi Arabia,Egypt,5011.0,5072.0,-0.2833545929045508,-1.6631547012266203,4983.0,5100.0,76.0,59.0,4851.0,4902.7391941803,4882.0,4890.250627772154,1.3109603787605475,0.0,4829.207530287842,4943.318904325228,4841.420289855072,4912.043097484312,115.0,73.0,59.0,33.0
2026-03-27,Russia,Nicaragua,3,1,Friendly,Russia,False,51373,Russia,Nicaragua,5346.0,4712.0,0.7128103337572504,0.3574802874538306,5339.0,4719.0,21.0,135.0,5180.0,4767.0,4904.0,4665.0,3.067453458004809,0.0,5178.408823549498,4784.948717948718,4886.051282051282,4666.591176450502,17.0,137.0,41.0,130.0
2026-03-27,Nigeria,Iran,2,1,Friendly tournament,Turkey,True,51374,Nigeria,Iran,5183.0,5130.0,0.07911464074040059,0.34883798118734566,5194.0,5119.0,43.0,55.0,5028.098068169403,5038.0,4905.516108114524,4874.0,1.4592116657639922,1.4024239906329017,5039.099960677541,5029.469999181146,4914.0461089333785,4862.998107491861,41.0,45.0,33.0,49.0
2026-03-27,Argentina,Mauritania,2,1,Friendly,Argentina,False,51375,Argentina,Mauritania,5608.0,4775.0,0.9607032521934269,0.015504647854012324,5589.0,4794.0,2.0,118.0,5291.0,4749.0,5125.0,4793.0,3.002896035558728,0.0,5273.012658843714,4766.948717948718,5107.051282051282,4810.987341156286,6.0,142.0,2.0,74.0
2026-03-27,Netherlands,Norway,2,1,Friendly,Netherlands,False,51376,Netherlands,Norway,5541.0,5544.0,-0.1967873256666048,0.015504647854012324,5545.0,5540.0,6.0,8.0,5340.0,5310.0,4963.0,4916.0,2.729722716278815,1.6139867929999967,5325.927137103221,5297.769141422041,4975.230858577959,4930.072862896779,2.0,4.0,15.0,27.0
2026-03-27,Libya,Niger,0,0,Friendly,Morocco,True,51377,Libya,Niger,4883.0,4903.0,-0.029862875649715716,0.0,4884.0,4902.0,93.0,89.0,4841.0,4988.0,4800.0,4782.0,1.2176233924726174,1.5505060709550125,4820.300283355467,4963.612790267791,4824.387209732209,4802.699716644533,119.0,68.0,66.0,77.0
2026-03-27,Guinea,Togo,2,2,Friendly,Morocco,True,51378,Guinea,Togo,4970.0,4809.0,0.23969105528023646,0.0,4965.0,4814.0,78.0,110.0,4946.0,4809.0,4856.0,4740.0,1.6000805173906196,0.0,4954.483347527171,4837.571428571428,4827.428571428572,4731.516652472829,71.0,108.0,64.0,113.0
2026-03-27,England,Uruguay,1,1,Friendly,England,False,51379,England,Uruguay,5585.0,5379.0,0.11379732706262238,-0.3333333333333333,5576.0,5388.0,3.0,18.0,5247.0,5082.0,5076.0,5084.0,1.8683745538829115,0.0,5230.869379780954,5099.948717948718,5058.051282051282,5100.130620219046,11.0,28.0,5.0,3.0
2026-03-27,Ecuador,Morocco,1,1,Friendly,Spain,True,51380,Ecuador,Morocco,5420.0,5262.0,0.23525062172593192,0.0,5415.0,5267.0,16.0,28.0,5060.0,5004.145060208206,5148.0,4921.303436549936,1.4186336898794694,0.0,5051.169752063649,5022.093778156924,5130.051282051282,4930.133684486287,36.0,49.0,1.0,27.0
2026-03-27,Costa Rica,Jordan,2,2,Friendly tournament,Turkey,True,51381,Costa Rica,Jordan,5085.0,5123.0,-0.056732632867438966,0.0,5087.0,5121.0,62.0,53.5,5028.0,5020.0,4827.0,4834.0,1.5669459743939051,1.564200092904781,5037.0948966201995,5029.145030980959,4817.854969019041,4824.9051033798005,43.0,47.0,69.0,64.0
2026-03-27,Benin,Liberia,1,0,Friendly,Morocco,True,51382,Benin,Liberia,4884.0,4723.0,0.23969105528023646,0.34883798118734566,4886.0,4721.0,92.0,134.0,4907.3167632378945,4815.0,4799.784597787068,4665.0,1.7024268599574495,1.113596588308129,4893.6676644196605,4795.578077675109,4819.206520111959,4678.649098818234,87.0,129.0,67.0,127.0
2026-03-27,Montenegro,Andorra,2,0,Friendly,Montenegro,False,51383,Montenegro,Andorra,4904.0,4697.0,0.11526872211347065,0.3574802874538306,4909.0,4692.0,86.0,139.0,4892.0,4588.0,4671.0,4654.0,2.099551274404266,0.0,4889.676789435885,4588.0,4671.0,4656.323210564115,90.0,177.0,129.0,134.0
2026-03-27,Guyana,Dominica,2,0,CONCACAF Series,Dominican Republic,True,51384,Guyana,Dominica,4613.0,4022.0,0.8485751642524678,0.6908136207871639,4607.0,4028.0,152.0,202.0,4892.0,4485.0,4494.0,4281.0,2.916624452143646,0.0,4875.188361219554,4485.0,4494.0,4297.811638780446,94.0,192.0,164.0,186.0
2026-03-28,Guam,Eastern Samoa,6,0,FIFA Series,Puerto Rico,True,51385,Guam,Eastern Samoa,3746.0,2345.0,1.7193121984441864,1.8796734844931227,3752.0,2339.0,208.0,221.0,4169.0,3464.5714285714284,3990.142072645609,2900.4070746295038,5.8665906354259745,0.0,4172.078600478143,3464.5714285714284,3990.142072645609,2897.3284741513608,214.0,221.0,210.0,221.0
2026-03-28,Puerto Rico,US Virgin Islands,2,0,FIFA Series,Puerto Rico,False,51386,Puerto Rico,US Virgin Islands,4480.0,3491.0,1.1377112890496182,0.3574802874538306,4449.0,3522.0,167.0,214.0,4692.857927354391,4097.592925370496,4457.0,3918.4285714285716,4.135900020344031,0.0,4663.168497298178,4097.592925370496,4457.0,3948.1180014847837,168.0,215.0,168.0,211.0
2026-03-28,Botswana,Zimbabwe,0,3,Friendly tournament,Botswana,False,51387,Botswana,Zimbabwe,4787.0,4821.0,-0.24307015492905523,-1.3529274769139015,4743.0,4865.0,130.0,97.5,4846.0,4834.0,4746.0,4791.0,1.5587154067719282,0.0,4821.528808519979,4869.593220338983,4710.406779661017,4815.471191480021,119.0,98.0,118.0,72.0
2026-03-28,Burkina Faso,Guinea-Bissau,5,0,Friendly,Burkina Faso,False,51388,Burkina Faso,Guinea-Bissau,5027.0,4745.0,0.22495798955883903,1.284076717076701,5048.0,4724.0,68.0,133.0,5026.757605435732,4700.0,4819.896109055185,4745.0,2.2405222273484626,0.0,5060.888571550492,4700.0,4819.896109055185,4710.86903388524,33.0,164.0,66.0,116.0
2026-03-28,Canada,Iceland,2,2,Friendly tournament,Canada,False,51389,Canada,Iceland,5282.0,5091.0,0.0917018970270774,-0.3333333333333333,5265.0,5108.0,28.0,58.0,5029.515308341075,5103.0,4991.0,4746.2736944304925,2.2453818006908643,0.0,5024.054373187007,5131.571428571428,4962.428571428572,4751.734629584561,48.0,22.0,18.0,100.0
2026-03-28,San Marino,Faroe Islands,1,2,Friendly,San Marino,False,51390,San Marino,Faroe Islands,4238.0,4936.0,-1.1796982303916828,-0.6821713145206783,4248.0,4926.0,178.0,84.0,4555.0,4819.0,4251.0,4813.0,0.0,2.2873734692871754,4572.948717948718,4812.688802694778,4257.311197305222,4795.051282051282,180.0,122.0,195.0,83.0
2026-03-28,Ivory Coast,South Korea,4,0,Friendly,England,True,51391,Ivory Coast,South Korea,5129.0,5204.0,-0.11191834826127317,1.3298213678932875,5158.0,5175.0,49.0,45.5,5005.330193915088,5047.0,4890.840830154598,4886.0,1.3684053675847945,1.4646845196721248,5038.631915481882,5023.509661599837,4914.331168554761,4852.698278433206,43.0,50.0,33.0,53.0
2026-03-28,Madagascar,Kyrgyzstan,5,2,Friendly,Turkey,True,51392,Madagascar,Kyrgyzstan,4820.0,4700.0,0.178888503158106,1.0195941435805678,4837.0,4683.0,104.5,141.5,4895.0,4807.757235618033,4742.0,4605.821321113142,1.8390800598347938,1.2340828338971748,4931.506734620476,4822.382280101565,4727.374955516468,4569.314586492666,76.0,119.0,111.0,155.0
2026-03-28,Scotland,Japan,0,1,Friendly,Scotland,False,51393,Scotland,Japan,5297.0,5423.0,-0.3801087242318193,-0.6821713145206783,5291.0,5429.0,26.0,15.0,5120.0,5249.0,4885.0,4920.0,1.9807713990178626,1.6617089043107494,5091.591786093659,5235.99511258607,4898.00488741393,4948.408213906341,28.0,9.0,38.0,25.0
2026-03-28,Senegal,Peru,2,0,Friendly,France,True,51394,Senegal,Peru,5311.0,5213.0,0.14617295764188326,0.6908136207871639,5322.0,5202.0,23.0,41.0,5128.376518784154,4972.0,4961.595578924425,4993.0,1.4099598938277398,1.1024438063109847,5140.210998095441,4952.719013138901,4980.876565785525,4981.165520688713,22.0,71.0,14.0,13.0
2026-03-28,United States,Belgium,2,5,Friendly,United States,False,51395,United States,Belgium,5241.0,5448.0,-0.49988410672885525,-1.3529274769139015,5224.0,5465.0,34.0,11.0,5052.0,5235.0,4841.0,4968.0,1.6391665991217022,1.7475851355411804,5059.745976244808,5272.004825833074,4803.995174166926,4960.254023755192,34.0,7.0,77.0,19.0
2026-03-28,Hungary,Slovenia,1,0,Friendly,Hungary,False,51396,Hungary,Slovenia,5175.0,5183.0,-0.20425330548544496,0.015504647854012324,5179.0,5179.0,44.0,44.0,5017.0,4920.0,4858.0,4988.0,1.4882734435472293,0.0,5006.912519866601,4920.0,4858.0,4998.087480133399,55.0,78.5,50.0,11.0
2026-03-28,Comoros,Namibia,0,0,FIFA Series,Kazakhstan,True,51397,Comoros,Namibia,4848.0,4749.0,0.1476611684838297,0.0,4842.0,4755.0,101.0,125.0,4896.0,4833.9119503887205,4743.0,4739.962808005413,1.4643603518959594,1.296306461893079,4872.513116157288,4812.287826136466,4764.624124252255,4763.4496918481245,96.0,123.0,97.0,98.0
2026-03-28,Mexico,Portugal,0,0,Friendly,Mexico,False,51398,Mexico,Portugal,5296.0,5562.0,-0.5862921849286827,-0.3333333333333333,5301.0,5557.0,24.5,4.0,5039.224077277191,5307.0,4996.846061353812,4963.0,1.617400244865182,1.512892278069485,5014.161428186211,5283.001576111168,5020.844485242644,4988.06264909098,51.0,5.0,10.0,13.0
2026-03-28,Tunisia,Haiti,1,0,Friendly tournament,Canada,True,51399,Tunisia,Haiti,5107.0,4984.0,0.18334533553297325,0.34883798118734566,5114.0,4977.0,57.0,76.5,5003.855364501826,5039.0,4833.592993008119,4792.0,1.616371683705222,1.5984351623406237,4991.5853254558115,5014.126803582599,4858.4661894255205,4804.270039046015,60.0,51.0,50.0,77.0
2026-03-29,Dominican Republic,Cuba,1,1,CONCACAF Series,Dominican Republic,False,51400,Dominican Republic,Cuba,4748.0,4601.0,0.02664911675051721,-0.3333333333333333,4734.0,4615.0,131.0,152.0,4834.005030192811,4747.821777682031,4600.428571428572,4609.097239963516,2.0582453074359743,1.1047315118862258,4815.290381208991,4745.38189052305,4602.868458587553,4627.811888947336,121.0,152.0,144.0,138.0
2026-03-29,El Salvador,Martinique,1,0,CONCACAF Series,Dominican Republic,True,51401,El Salvador,Martinique,4658.0,4668.0,-0.01493195447168774,0.34883798118734566,4673.0,4653.0,145.0,147.5,4716.571428571428,4721.796684174992,4691.994969807189,4657.783295915322,1.2171090710356607,1.147746458814844,4711.695874131029,4701.948046683858,4711.843607298323,4662.658850355721,162.0,163.0,116.0,132.0
2026-03-29,St Vincent & Grenadines,Barbados,3,2,CONCACAF Series,Bonaire,True,51402,St Vincent & Grenadines,Barbados,4414.0,4052.0,0.5325183848146092,0.34883798118734566,4407.0,4059.0,170.0,196.5,4731.1560229762945,4560.299138190266,4468.627090580818,4214.0896173050005,2.577084840320544,1.2982099958508895,4740.065086179828,4573.938273240851,4454.987955530232,4205.180554101467,153.0,180.0,168.0,200.0
2026-03-29,Lesotho,Seychelles,2,1,African Nations Cup qualifier,South Africa,True,51403,Lesotho,Seychelles,4593.0,4118.0,0.6913768265314991,0.34883798118734566,4579.0,4132.0,158.0,193.0,4748.079196016133,4681.0,4710.0,4214.920803983867,2.633791193571268,0.0,4735.524582254376,4698.948717948718,4692.051282051282,4227.475417745624,154.0,165.0,124.0,198.0
2026-03-29,Armenia,Belarus,1,2,Friendly,Armenia,False,51404,Armenia,Belarus,4793.0,4977.0,-0.4659909352471949,-0.6821713145206783,4789.0,4981.0,122.0,76.0,4920.0,4913.998665742507,4588.0,4836.084180930963,1.6389301969143526,1.5559729496028658,4907.3619677994775,4923.293415174665,4578.705250567842,4848.722213131486,84.0,78.0,153.0,57.0
2026-03-29,Aruba,Liechtenstein,4,1,FIFA Series,Rwanda,True,51405,Aruba,Liechtenstein,4210.0,4386.0,-0.26187049214666236,1.0195941435805678,4261.0,4335.0,178.0,175.0,4600.774839609329,4558.948717948718,4352.051282051282,4376.515942855369,1.6511484962370506,1.602572175365494,4632.099712325872,4546.906124630514,4364.093875369486,4345.191070138826,173.0,183.0,177.0,180.0
2026-03-29,Tanzania,Macao,6,0,FIFA Series,Rwanda,True,51406,Tanzania,Macao,4793.0,3650.0,1.4888724582310489,1.8796734844931227,4809.0,3634.0,111.0,211.0,4733.484057144631,4173.948717948718,4779.76317733136,4031.225160390671,3.266178168075403,0.0,4767.451678759911,4173.948717948718,4779.76317733136,3997.2575387753905,142.0,213.0,89.0,209.0
2026-03-29,France,Colombia,3,1,Friendly,United States,True,51407,France,Colombia,5556.0,5523.0,0.049269829691622,0.6908136207871639,5569.0,5510.0,4.0,9.0,5260.3586719173845,5266.783841194789,5046.678578359372,5056.259499137576,1.5948092955340265,1.6394622283623157,5283.206289146183,5254.137186675728,5059.325232878433,5033.411881908778,5.0,9.0,5.0,8.0
2026-03-29,Lithuania,Georgia,0,2,Friendly,Lithuania,False,51408,Lithuania,Georgia,4829.0,5165.0,-0.6875945286663547,-1.0241469541204973,4822.0,5172.0,107.0,47.0,4775.892433832175,5033.437373095433,4710.856722663871,4795.454007293247,1.360981431469643,1.5466294980103164,4753.534040176839,5042.901264759193,4701.392831000111,4817.812400948583,148.0,40.0,119.0,70.0
2026-03-29,South Sudan,Djibouti,0,1,African Nations Cup qualifier,South Sudan,False,51409,South Sudan,Djibouti,4605.0,4276.0,0.2929165445174816,-0.6821713145206783,4566.0,4315.0,159.0,176.0,4763.860930828007,4736.0,4623.0,4309.139069171993,2.841584396752464,0.0,4729.217025238954,4753.948717948718,4605.051282051282,4343.782974761046,157.0,147.0,143.0,181.0
2026-03-29,British Virgin Islands,Anguilla,4,0,CONCACAF Series,Cayman Islands,True,51410,British Virgin Islands,Anguilla,3899.0,3622.0,0.40999785823306806,1.3298213678932875,3936.0,3585.0,204.0,212.0,4342.855364501826,4202.284697330683,4224.320741908027,4057.268896700231,1.828422051123795,0.0,4372.828374471045,4202.284697330683,4224.320741908027,4027.2958867310126,204.0,211.0,199.0,208.0
2026-03-29,Bonaire,Saint Martin,0,3,CONCACAF Series,Bonaire,False,51411,Bonaire,Saint Martin,4038.0,4141.0,-0.3459206755493488,-1.3529274769139015,3998.0,4181.0,202.0,185.0,4456.372909419182,4491.9103826949995,4245.8439770237055,4302.700861809734,1.8405462433038824,1.3446925823895408,4429.1949787717895,4517.3469797476555,4220.4073799710495,4329.878792457127,197.0,190.0,199.0,184.0
2026-03-29,Cayman Islands,Bahamas,1,0,CONCACAF Series,Cayman Islands,False,51412,Cayman Islands,Bahamas,3892.0,3542.0,0.32305557521565087,0.015504647854012324,3880.0,3554.0,206.0,213.0,4296.679258091973,4370.731103299769,4135.144635498174,3809.715302669317,2.9613467964543587,1.3181115878650882,4268.437233504889,4348.856904566857,4157.018834231085,3837.957327256401,208.0,205.0,205.0,215.0
2026-03-30,Guyana,Belize,3,1,CONCACAF Series,Dominican Republic,True,51413,Guyana,Belize,4607.0,4342.0,0.39252711692441056,0.6908136207871639,4619.0,4330.0,151.0,175.0,4875.188361219554,4602.49101695074,4494.0,4439.16330031093,2.300700218836749,1.340680215186043,4888.78850226299,4595.132186865849,4501.358830084891,4425.5631592674945,89.0,175.0,162.0,170.0
2026-03-30,Azerbaijan,Sierra Leone,1,1,FIFA Series,Azerbaijan,False,51414,Azerbaijan,Sierra Leone,4816.0,4805.0,-0.17588258217217728,-0.3333333333333333,4810.0,4811.0,111.0,110.0,4846.286072860555,4846.0,4631.051282051282,4750.0,1.673848184888442,1.266526829318727,4833.087590300036,4840.108094117641,4636.943187933642,4763.198482560519,111.0,106.0,137.0,99.0
2026-03-30,Cape Verde,Finland,1,1,FIFA Series,New Zealand,True,51415,Cape Verde,Finland,4986.0,5042.0,-0.08358967671509245,0.0,4989.0,5039.0,74.0,69.0,4957.783601132917,4996.571428571428,4831.928146729422,4763.140022558592,1.568714412448454,1.4873180817948803,4946.3067240719165,4986.500846210422,4841.998729090428,4774.616899619593,72.0,61.0,60.0,93.0
2026-03-30,Gabon,Trinidad and Tobago,2,2,FIFA Series,Uzbekistan,True,51416,Gabon,Trinidad and Tobago,4875.0,4733.0,0.2115444344832792,0.0,4867.0,4741.0,96.0,129.5,4985.738740438366,4874.948717948718,4682.293008922706,4597.152387017361,2.146044593374742,1.563255256574457,4982.382544813894,4884.110980689979,4673.130746181444,4600.5085826418335,62.0,90.0,127.0,145.0
2026-03-30,Indonesia,Bulgaria,0,1,FIFA Series,Indonesia,False,51417,Indonesia,Bulgaria,4688.0,4945.0,-0.5731663370381553,-0.6821713145206783,4684.0,4949.0,140.0,82.0,4773.328602537777,4937.02570491241,4590.0,4679.428571428572,1.6670849497346212,1.6140584371997209,4747.777086030907,4924.793668544161,4602.232036368249,4704.980087935442,150.0,77.0,145.0,119.0
2026-03-30,Saint Kitts and Nevis,Solomon Islands,4,2,FIFA Series,Indonesia,True,51418,Saint Kitts and Nevis,Solomon Islands,4037.0,4166.0,-0.19225556502484026,0.6908136207871639,4072.0,4131.0,195.0,193.5,4531.0,4521.571428571428,4196.671397462223,4274.97429508759,1.7418684979433765,1.9467148143199418,4561.644663688961,4522.834416316632,4195.408409717019,4244.329631398628,182.0,188.0,203.0,195.0
2026-03-30,New Zealand,Chile,4,1,FIFA Series,New Zealand,False,51419,New Zealand,Chile,5059.0,5241.0,-0.463038851004536,0.6862608102472345,5105.0,5195.0,60.0,41.0,5007.859977441408,5083.071853270578,4854.428571428572,4921.216398867083,1.6465989602143143,1.30064427732274,5039.218343486068,5076.496583547009,4861.00384115214,4889.8580328224225,41.0,29.0,49.0,40.0
2026-03-30,Rwanda,Estonia,2,0,FIFA Series,Rwanda,False,51420,Rwanda,Estonia,4821.0,4837.0,-0.2161983896036635,0.3574802874538306,4844.0,4814.0,101.0,108.5,4791.38342638681,4827.62669743767,4790.0,4648.769056074016,1.807822596763892,0.0,4795.733894187412,4827.62669743767,4790.0,4644.418588273414,129.0,113.0,85.0,136.0
2026-03-30,Uzbekistan,Venezuela,0,0,FIFA Series,Uzbekistan,False,51421,Uzbekistan,Venezuela,5121.0,5211.0,-0.32657141931096184,-0.3333333333333333,5121.0,5211.0,53.5,38.0,4934.751748701765,5066.47521406168,4864.479853479854,4894.051282051282,1.5197761444421065,1.2346648389764212,4910.6816766813245,5045.5723012273365,4885.382766314197,4918.121354071723,82.0,38.0,43.0,31.0
2026-03-30,Cyprus,Moldova,3,2,Friendly,Cyprus,False,51422,Cyprus,Moldova,4796.0,4683.0,-0.023822728806771457,0.015504647854012324,4797.0,4682.0,116.0,142.0,4862.915819069037,4764.143277336129,4596.001334257493,4578.107566167825,2.2505175536143938,1.1532724908240597,4877.291493433207,4779.962662518841,4580.181949074781,4563.731891803655,94.0,138.0,152.0,155.0
2026-03-30,Germany,Ghana,2,1,Friendly,Germany,False,51423,Germany,Ghana,5543.0,5037.0,0.5417084545702201,0.015504647854012324,5532.0,5048.0,8.0,68.5,5289.2560761622435,4988.948717948718,4943.003207134124,4818.627803476158,2.900365702792097,0.0,5272.6719881758845,5006.897435897436,4925.054489185406,4835.211891462517,7.0,56.0,29.0,62.0
2026-03-30,Kenya,Grenada,3,0,FIFA Series,Rwanda,True,51424,Kenya,Grenada,4796.0,4359.0,0.6385309609858502,1.0195941435805678,4811.0,4344.0,110.5,173.0,4866.230943925984,4653.0,4696.37330256233,4372.638542134416,2.49544950539716,0.0,4876.604863971579,4653.0,4696.37330256233,4362.264622088821,96.0,169.0,124.0,177.0
2026-03-30,Dominica,Sint Maarten,0,0,CONCACAF Series,Dominican Republic,True,51425,Dominica,Sint Maarten,4028.0,4059.0,-0.046284462612249805,0.0,4030.0,4057.0,201.0,199.0,4485.0,4497.83669968907,4297.811638780446,4180.50898304926,1.884851670973988,1.5835399951647264,4457.42555756356,4473.11342304136,4322.534915428156,4208.0834254857,195.0,192.0,185.0,200.0
2026-03-31,Singapore,Bangladesh,1,0,Asian Cup qualifier,Singapore,False,51426,Singapore,Bangladesh,4392.0,4233.0,0.044423236671606414,0.015504647854012324,4391.0,4234.0,171.0,180.0,4641.0,4386.0,4378.0,4387.031647597142,2.150475515105242,0.0,4621.117572428956,4386.0,4378.0,4406.914075168186,173.0,200.0,174.0,173.0
2026-03-31,Syria,Afghanistan,5,1,Asian Cup qualifier,Saudi Arabia,True,51427,Syria,Afghanistan,4907.0,4308.0,0.8591692144240033,1.3298213678932875,4926.0,4289.0,84.5,177.0,4890.0,4538.85954145005,4777.0,4474.069601313602,2.2345458918153898,0.0,4924.16880339623,4556.808259398767,4759.051282051282,4439.900797917372,77.0,184.0,101.0,169.0
2026-03-31,Taiwan,Sri Lanka,1,3,Asian Cup qualifier,Taiwan,False,51428,Taiwan,Sri Lanka,4138.0,4034.0,-0.03720701762329895,-1.0241469541204973,4099.0,4073.0,194.0,195.0,4590.0,4259.0,4204.0,4335.0,2.1537860691175865,0.0,4570.076643547248,4294.593220338983,4168.406779661017,4354.923356452752,181.0,207.0,204.0,178.0
2026-03-31,Tajikistan,Philippines,1,1,Asian Cup qualifier,Tajikistan,False,51429,Tajikistan,Philippines,4653.0,4487.0,0.05478078434248387,-0.3333333333333333,4637.0,4503.0,149.5,163.0,4746.0,4694.0,4621.0,4451.0,2.2840684066084607,0.0,4724.517371197702,4711.948717948718,4603.051282051282,4472.482628802298,159.0,162.0,143.0,165.0
2026-03-31,Thailand,Turkmenistan,2,1,Asian Cup qualifier,Thailand,False,51430,Thailand,Turkmenistan,4744.0,4551.0,0.0946505496833401,0.015504647854012324,4741.0,4554.0,129.0,160.0,4837.0,4727.0,4512.0,4506.0,2.404524811775296,1.2666537603431844,4828.430920196644,4721.105524431569,4517.894475568431,4514.569079803356,112.0,159.0,159.0,160.0
2026-03-31,Cameroon,China,2,0,FIFA Series,Australia,True,51431,Cameroon,China,5054.0,4840.0,0.31787025286869935,0.6908136207871639,5069.0,4825.0,67.0,106.0,4959.868226393952,4792.880815619606,4903.182135198751,4714.189960898446,1.712057204004641,0.0,4966.190797722708,4792.880815619606,4903.182135198751,4707.867389569689,65.0,131.0,37.0,118.0
2026-03-31,Australia,Curaçao,5,1,FIFA Series,Australia,False,51432,Australia,Curaçao,5231.0,4863.0,0.3487693196255781,0.9964880345599543,5257.0,4837.0,29.0,103.5,5047.249449770869,4822.534695749009,4955.0,4742.690612951822,2.3157567034489572,0.0,5080.897165455934,4840.483413697727,4937.051282051282,4709.042897266758,29.0,106.0,26.0,117.0
2026-03-31,Kazakhstan,Comoros,1,0,FIFA Series,Kazakhstan,False,51433,Kazakhstan,Comoros,4894.0,4842.0,-0.11468484099268525,0.015504647854012324,4899.0,4837.0,91.0,103.0,4851.037191994587,4872.513116157288,4700.0880496112795,4764.624124252255,1.6459502288522136,1.1634199892204171,4838.285598457897,4852.471033512256,4720.130132256311,4777.375717788945,107.0,101.0,113.0,91.0
2026-03-31,Algeria,Uruguay,0,0,Friendly,Italy,True,51434,Algeria,Uruguay,5237.0,5388.0,-0.22488400755078183,0.0,5241.0,5384.0,31.0,18.0,5178.252380577089,5099.948717948718,4866.360122505792,5100.130620219046,1.2644808414325313,1.6775458439288804,5156.99795240932,5074.2956249860845,4892.013215468425,5121.3850483868155,20.0,30.0,39.0,2.0
2026-03-31,Argentina,Zambia,5,0,Friendly,Argentina,False,51435,Argentina,Zambia,5589.0,4840.0,0.8589502349573819,1.284076717076701,5598.0,4831.0,2.0,104.0,5273.012658843714,4896.0,5107.051282051282,4724.0,3.198634604938809,0.0,5299.833713379647,4896.0,5107.051282051282,4697.1789454640675,3.0,86.0,3.0,123.0
2026-03-31,Vietnam,Malaysia,3,1,Asian Cup qualifier,Vietnam,False,51436,Vietnam,Malaysia,4645.0,4600.0,-0.12512881200797255,0.3574802874538306,4664.0,4581.0,146.0,155.5,4724.968352402858,4719.0,4553.0,4499.0,2.06157642073525,1.148214170817534,4742.082057858241,4715.596370407121,4556.403629592879,4481.886294544617,152.0,161.0,157.0,164.0
2026-03-31,Pakistan,Myanmar,1,2,Asian Cup qualifier,Pakistan,False,51437,Pakistan,Myanmar,4063.0,4139.0,-0.3057163118444807,-0.6821713145206783,4048.0,4154.0,200.0,188.0,4373.0,4534.930398686398,4290.0,4198.14045854995,1.904050703329772,1.3417986886691307,4356.364167786278,4547.8791016297755,4277.051297056622,4214.7762907636725,204.0,185.0,189.0,200.0
2026-03-31,India,Hong Kong,2,1,Asian Cup qualifier,India,False,51438,India,Hong Kong,4474.0,4521.0,-0.2624708120695137,0.015504647854012324,4485.0,4510.0,165.0,162.0,4576.0,4608.0,4554.0,4471.0,1.6986617272264246,0.0,4582.589019121642,4625.948717948718,4536.051282051282,4464.410980878358,178.0,173.0,158.0,166.0
2026-03-31,Laos,Nepal,1,0,Asian Cup qualifier,Laos,False,51439,Laos,Nepal,3925.0,4186.0,-0.5790026643189302,0.015504647854012324,3949.0,4162.0,204.0,187.0,4384.0,4430.0,4072.0,4368.0,1.453650961374996,1.6447880370575825,4374.53104581783,4404.666549538672,4097.333450461328,4377.46895418217,202.0,198.0,206.0,175.0
2026-03-31,Bhutan,Brunei,2,1,Asian Cup qualifier,India,True,51440,Bhutan,Brunei,3698.0,3660.0,0.056732632867439244,0.34883798118734566,3710.0,3648.0,209.0,210.0,4319.0,4230.0,3909.0,3934.0,2.134567020876565,1.9348175446121256,4315.895869691934,4212.936025674862,3926.0639743251377,3937.1041303080656,206.0,210.0,213.0,212.0
2026-03-31,Mauritius,Somalia,0,0,African Nations Cup qualifier,Mauritius,False,51441,Mauritius,Somalia,4603.0,4500.0,-0.03869470906603557,-0.3333333333333333,4591.0,4512.0,154.0,162.0,4640.358431506306,4716.795260130788,4715.204739869212,4624.641568493694,1.4529013335667087,0.0,4616.993993501383,4716.795260130788,4715.204739869212,4648.006006498617,174.0,160.0,113.0,135.0
2026-03-31,Eswatini,Eritrea,1,2,African Nations Cup qualifier,Eswatini,False,51443,Eswatini,Eritrea,4637.0,4617.0,-0.1624448166579766,-0.6821713145206783,4616.0,4638.0,152.0,149.0,4825.445728506537,4749.160676099275,4667.839323900725,4646.554271493463,1.9162548811774365,0.0,4808.6392405544975,4777.732104670704,4639.267895329296,4663.3607594455025,124.0,139.0,137.0,131.0
2026-03-31,Burundi,Chad,4,0,African Nations Cup qualifier,Burundi,False,51444,Burundi,Chad,4804.0,4542.0,0.1958457103761463,0.9964880345599543,4836.0,4510.0,104.0,162.5,4815.906696273096,4756.89338954986,4763.10661045014,4594.093303726904,2.048541212564194,0.0,4844.063611771229,4756.89338954986,4763.10661045014,4565.936388228771,105.0,146.0,100.0,154.0
2026-03-31,Luxembourg,Malta,3,0,European Nations League C/D,Luxembourg,False,51445,Luxembourg,Malta,4908.0,4712.0,0.09907205584785012,0.6862608102472345,4931.0,4689.0,84.0,138.0,4804.160676099275,4734.940031914002,4776.059968085998,4586.839323900725,2.034494055755567,0.0,4821.644911558217,4734.940031914002,4776.059968085998,4569.355088441783,118.0,155.0,92.0,152.0
2026-03-31,Latvia,Gibraltar,1,0,European Nations League C/D,Latvia,False,51446,Latvia,Gibraltar,4806.0,4431.0,0.3587381085221684,0.015504647854012324,4792.0,4445.0,120.5,168.0,4766.454673161059,4584.853595079771,4721.146404920229,4417.545326838941,2.4655786815470346,0.0,4742.954808608867,4584.853595079771,4721.146404920229,4441.045191391133,151.0,177.0,111.0,169.0
2026-03-31,Sweden,Poland,3,2,World Cup qualifier,Sweden,False,51447,Sweden,Poland,5244.0,5231.0,-0.172896305976839,0.015504647854012324,5252.0,5223.0,30.0,33.0,5144.356738482627,5062.944155856958,4811.063208830685,4844.051282051282,2.3016300053552476,1.3595525076095702,5157.942306308584,5075.606771123443,4798.4005935642,4830.465714225325,19.0,30.0,81.0,62.0
2026-03-31,Kosovo,Turkey,0,1,World Cup qualifier,Kosovo,False,51448,Kosovo,Turkey,5216.0,5372.0,-0.4245972163104546,-0.6821713145206783,5206.0,5382.0,39.0,19.0,5056.579710144928,5186.203952253768,4868.028524632403,4892.0,1.8731075935054762,1.5346280838413895,5029.109654426136,5175.307877058622,4878.924599827549,4919.470055718792,46.0,17.0,46.0,31.0
2026-03-31,DR Congo,Jamaica,1,0,World Cup qualifier,Mexico,True,51449,DR Congo,Jamaica,5077.0,4917.0,0.23821107382987602,0.34883798118734566,5081.0,4913.0,65.0,87.0,4910.0408831224695,4837.315175464297,4955.263059380532,4813.106075861492,1.3114272059801053,0.0,4903.252653771353,4837.315175464297,4955.263059380532,4819.894305212609,85.0,110.0,22.0,67.0
2026-03-31,Czechia,Denmark,2,2,World Cup qualifier,Czechia,False,51450,Czechia,Denmark,5212.0,5430.0,-0.516055396278579,-0.3333333333333333,5219.0,5423.0,34.5,15.0,5053.232241586329,5216.005362596032,4850.428571428572,4956.0,1.6765338136310302,1.6661697576889356,5060.256553844226,5223.2315047280545,4843.202429296549,4948.975687742103,34.0,13.0,57.0,22.0
2026-03-31,Maldives,East Timor,2,1,Asian Cup qualifier,Maldives,False,51451,Maldives,East Timor,4152.0,3809.0,0.3130255879404811,0.015504647854012324,4140.0,3821.0,190.0,207.0,4521.0,4395.0,4288.0,4031.0,2.97274882724643,0.0,4503.41754863414,4412.948717948718,4270.051282051282,4048.5824513658595,190.0,198.0,190.0,207.0
2026-03-31,Austria,South Korea,1,0,Friendly,Austria,False,51452,Austria,South Korea,5371.0,5175.0,0.09907205584785012,0.015504647854012324,5369.0,5177.0,20.0,46.0,5157.372196523842,5023.509661599837,4956.051282051282,4852.698278433206,2.316139509652737,0.0,5135.520508394272,5023.509661599837,4956.051282051282,4874.549966562776,22.0,49.0,20.0,47.0
2026-03-31,Brazil,Croatia,3,1,Friendly,United States,True,51453,Brazil,Croatia,5492.0,5434.0,0.0865727468228233,0.6908136207871639,5504.0,5422.0,10.0,15.0,5222.321421640628,5195.740500862424,5071.6413280826155,4998.216158805211,1.6507155224533816,1.3806918120110565,5244.548672823113,5187.617693732778,5079.764135212261,4975.988907622726,10.0,15.0,4.0,15.0
2026-03-31,Botswana,Malawi,1,0,Friendly tournament,Botswana,False,51454,Botswana,Malawi,4743.0,4707.0,-0.1385600702055377,0.015504647854012324,4749.0,4701.0,127.0,136.0,4821.528808519979,4731.0,4710.406779661017,4747.0,1.6126737738374057,0.0,4809.319543746221,4731.0,4710.406779661017,4759.209264773758,124.0,156.0,116.0,101.0
2026-03-31,Wales,Northern Ireland,1,1,Friendly,Wales,False,51455,Wales,Northern Ireland,5207.0,5115.0,-0.055066081282342146,-0.3333333333333333,5201.0,5121.0,40.0,54.0,4994.235537918357,4973.0,4850.051282051282,4887.574731687301,1.7034112840219293,0.0,4980.5710444702,4990.948717948718,4832.102564102564,4901.239225135459,63.0,60.0,61.0,39.0
2026-03-31,United States,Portugal,0,2,Friendly,United States,False,51456,United States,Portugal,5224.0,5557.0,-0.6832839466284533,-1.0241469541204973,5217.0,5564.0,36.0,5.0,5059.745976244808,5283.001576111168,4803.995174166926,4988.06264909098,1.6047556982449083,2.0024171410845586,5034.809463278986,5282.943279916068,4804.053470362026,5012.999162056802,43.0,6.0,78.0,11.0
2026-03-31,Ukraine,Albania,1,0,Friendly,Spain,True,51457,Ukraine,Albania,5218.0,5146.0,0.10744707472730211,0.34883798118734566,5223.0,5141.0,32.5,50.0,5119.936791169315,4949.948717948718,4879.643261517373,4920.055844143042,1.5831420820953728,1.2452224459236194,5108.2175030138005,4928.920758086064,4900.6712213800265,4931.775132298557,26.0,74.0,40.0,27.0
2026-03-31,Togo,Niger,1,0,Friendly,Morocco,True,51458,Togo,Niger,4814.0,4902.0,-0.1312854723569787,0.34883798118734566,4824.0,4892.0,108.0,91.0,4837.571428571428,4963.612790267791,4731.516652472829,4802.699716644533,1.1597347776681652,1.6733093226516735,4833.917048290373,4938.000778413386,4757.128664327234,4806.354096925588,111.0,72.0,103.0,77.0
2026-03-31,Spain,Egypt,0,0,Friendly,Spain,False,51459,Spain,Egypt,5723.0,5100.0,0.6984402962732026,-0.3333333333333333,5702.0,5121.0,1.0,54.5,5431.528234107646,4943.318904325228,5058.0,4912.043097484312,3.084597861555815,0.0,5395.44864191049,4943.318904325228,5058.0,4948.122689681469,1.0,71.0,7.0,25.0
2026-03-31,South Africa,Panama,1,2,Friendly,South Africa,False,51460,South Africa,Panama,4995.0,5099.0,-0.34740836699208566,-0.6821713145206783,4988.0,5106.0,74.0,61.0,4916.723852630256,4996.087857888822,4765.712561087355,4852.988499874455,1.5827401312612595,1.3049909070269174,4905.011290782148,5009.620684997162,4752.1797339790155,4864.701061722563,84.0,54.0,104.0,49.0
2026-03-31,Slovakia,Romania,2,0,Friendly,Slovakia,False,51461,Slovakia,Romania,5126.0,5161.0,-0.2445627527431206,0.3574802874538306,5138.0,5149.0,51.0,49.0,4977.971475367597,5007.0,4860.420289855072,4796.796047746232,1.9231851603506103,1.1028491949637864,4979.7777814582005,4987.713876569571,4879.706413285501,4794.989741655629,64.0,60.0,46.0,84.0
2026-03-31,Serbia,Saudi Arabia,2,1,Friendly,Serbia,False,51462,Serbia,Saudi Arabia,5219.0,4983.0,0.1578440111196201,0.015504647854012324,5216.0,4986.0,36.0,75.0,5024.0,4829.207530287842,4948.471765892354,4841.420289855072,1.9274522746989002,0.0,5025.7084135362575,4847.15624823656,4930.523047943636,4839.711876318815,47.0,105.0,28.0,59.0
2026-03-31,Senegal,Gambia,3,1,Friendly,Senegal,False,51463,Senegal,Gambia,5322.0,4947.0,0.3587381085221684,0.3574802874538306,5322.0,4947.0,23.0,83.0,5140.210998095441,5044.0,4980.876565785525,4739.0,2.6481674032730815,0.0,5147.784660342284,5061.948717948718,4962.927847836807,4731.426337753157,21.0,33.0,17.0,109.0
2026-03-31,San Marino,Andorra,0,0,Friendly,San Marino,False,51464,San Marino,Andorra,4248.0,4692.0,-0.8406195890756477,-0.3333333333333333,4258.0,4682.0,179.0,141.5,4572.948717948718,4588.0,4257.311197305222,4656.323210564115,1.2021954817539664,1.5688387169283318,4552.434414303979,4563.425671602562,4281.88552570266,4676.8375142088535,184.0,180.0,188.0,127.0
2026-03-31,Russia,Mali,0,0,Friendly,Russia,False,51465,Russia,Mali,5339.0,5110.0,0.14758463322699755,-0.3333333333333333,5329.0,5120.0,22.0,57.0,5178.408823549498,4913.407006991881,4886.051282051282,4945.318099035366,2.0840153867572404,0.0,5149.139034884596,4913.407006991881,4886.051282051282,4974.587887700268,20.0,80.0,44.0,16.0
2026-03-31,Norway,Switzerland,0,0,Friendly,Norway,False,51466,Norway,Switzerland,5540.0,5434.0,-0.034231956561766225,-0.3333333333333333,5534.0,5440.0,7.0,12.0,5297.769141422041,5225.996792865876,4930.072862896779,4964.7439238377565,2.411391278026582,1.4747070098910326,5265.988882611099,5202.399900443373,4953.669755319283,4996.524182648698,8.0,14.0,23.0,13.0
2026-03-31,Benin,Guinea,1,0,Friendly,Morocco,True,51467,Benin,Guinea,4886.0,4965.0,-0.11787895930264178,0.34883798118734566,4895.0,4956.0,91.0,79.5,4893.6676644196605,4954.483347527171,4819.206520111959,4827.428571428572,1.2352606884951378,1.4096998476765306,4888.415071467792,4931.58639580777,4842.10347183136,4832.68116438044,89.0,72.0,57.0,62.0
2026-03-31,Netherlands,Ecuador,1,1,Friendly,Netherlands,False,51468,Netherlands,Ecuador,5545.0,5415.0,0.0014324538595121411,-0.3333333333333333,5538.0,5422.0,6.0,15.5,5325.927137103221,5051.169752063649,4975.230858577959,5130.051282051282,1.9680840491645242,0.0,5308.407899521982,5069.118470012367,4957.282140629241,5147.570519632522,2.0,33.0,20.0,1.0
2026-03-31,Montenegro,Slovenia,2,3,Friendly,Montenegro,False,51469,Montenegro,Slovenia,4909.0,5179.0,-0.5921190175097737,-0.6821713145206783,4907.0,5181.0,88.0,43.0,4889.676789435885,4920.0,4671.0,4998.087480133399,1.1425342146207516,1.3521798210801323,4905.651014726267,4945.363230731737,4645.636769268263,4982.113254843018,84.0,70.0,135.0,13.0
2026-03-31,Liberia,Libya,2,2,Friendly,Morocco,True,51470,Liberia,Libya,4721.0,4884.0,-0.24265052399282647,0.0,4726.0,4879.0,133.0,94.0,4795.578077675109,4820.300283355467,4678.649098818234,4824.387209732209,0.0,1.4263747071426638,4824.149506246537,4831.859898200102,4667.089483973599,4795.815781160781,117.0,114.0,129.0,82.0
2026-03-31,Jordan,Nigeria,2,2,Friendly tournament,Turkey,True,51471,Jordan,Nigeria,5121.0,5194.0,-0.1089375748309766,0.0,5125.0,5190.0,53.0,42.0,5029.145030980959,5039.099960677541,4824.9051033798005,4914.0461089333785,1.3575492709422405,1.6229033670566961,5041.84007022742,5047.1548846735795,4816.850179383762,4901.351069686917,40.0,37.0,71.0,38.0
2026-03-31,Ivory Coast,Scotland,1,0,Friendly,England,True,51472,Ivory Coast,Scotland,5158.0,5291.0,-0.198193085786643,0.34883798118734566,5169.0,5280.0,48.0,26.0,5038.631915481882,5091.591786093659,4914.331168554761,4898.00488741393,1.4236891119663493,1.5212924182960519,5029.708626678827,5067.505962491481,4938.416992156938,4906.928176216985,44.0,33.0,27.0,37.0
2026-03-31,Ireland,North Macedonia,0,0,Friendly,Ireland,False,51473,Ireland,North Macedonia,5179.0,5014.0,0.053301634838922,-0.3333333333333333,5171.0,5022.0,47.0,71.0,4965.571428571428,4913.0,4873.767758413671,4787.994637403968,1.9122713318747084,0.0,4937.755251136753,4913.0,4873.767758413671,4815.810814838644,72.0,81.0,49.0,72.0
2026-03-31,Hungary,Greece,0,0,Friendly,Hungary,False,51474,Hungary,Greece,5179.0,5301.0,-0.37416754192016033,-0.3333333333333333,5180.0,5300.0,44.0,25.0,5006.912519866601,5128.813264572001,4858.0,4915.145587124954,1.6610500375024295,1.4084909469659501,4981.419814969892,5105.929529291775,4880.883735280226,4940.638292021662,62.0,26.0,46.0,27.0
2026-03-31,Honduras,Peru,2,2,Friendly,Spain,True,51475,Honduras,Peru,4950.0,5202.0,-0.3735574458908293,0.0,4957.0,5195.0,78.5,40.5,4875.0,4952.719013138901,4842.0,4981.165520688713,0.0,1.3463564326191104,4903.571428571428,4965.594544645957,4829.124468492943,4952.594092117284,86.0,66.0,64.0,23.0
2026-03-31,Haiti,Iceland,1,1,Friendly tournament,Canada,True,51476,Haiti,Iceland,4977.0,5108.0,-0.19522459401437064,0.0,4985.0,5100.0,76.0,62.0,5014.126803582599,5131.571428571428,4804.270039046015,4751.734629584561,1.7603357279530503,1.954058064836046,4999.5861972250295,5114.2431830144005,4821.598284603043,4766.27523594213,55.0,24.0,65.0,97.0
2026-03-31,Equatorial Guinea,Madagascar,1,1,Friendly,Turkey,True,51477,Equatorial Guinea,Madagascar,4826.0,4837.0,-0.01642511013551473,0.0,4826.0,4837.0,106.0,102.0,4804.127396835575,4931.506734620476,4772.523904069862,4727.374955516468,1.261096551714055,1.4721984903778595,4798.345618797169,4921.704851836658,4782.325786853679,4733.156733554874,129.0,79.0,89.0,108.0
2026-03-31,England,Japan,0,1,Friendly,England,False,51478,England,Japan,5576.0,5429.0,0.02664911675051721,-0.6821713145206783,5562.0,5443.0,5.0,12.0,5230.869379780954,5235.99511258607,5058.051282051282,4948.408213906341,2.2428254820550615,1.1765591322948599,5200.341845006214,5231.977917164436,5062.068477472916,4978.935748681081,14.0,11.0,5.0,14.0
2026-03-31,Costa Rica,Iran,0,5,Friendly tournament,Turkey,True,51479,Costa Rica,Iran,5087.0,5119.0,-0.047777162677965994,-1.6174100504100342,5024.0,5182.0,70.0,43.0,5037.0948966201995,5029.469999181146,4817.854969019041,4862.998107491861,1.5127379650476214,1.6157014195575428,5013.098081402056,5067.167269226245,4780.157698973942,4886.994922710005,51.0,34.0,89.0,44.0
2026-03-31,Burkina Faso,Guinea-Bissau,1,1,Friendly,Burkina Faso,False,51480,Burkina Faso,Guinea-Bissau,5048.0,4724.0,0.28571924999356485,-0.3333333333333333,5036.0,4736.0,69.0,132.0,5060.888571550492,4700.0,4819.896109055185,4710.86903388524,2.4693880585399124,0.0,5037.348166642587,4717.948717948718,4801.947391106467,4734.4094387931455,42.0,160.0,78.0,108.0
2026-03-31,Morocco,Paraguay,2,1,Friendly,France,True,51481,Morocco,Paraguay,5267.0,5330.0,-0.09402935685757709,0.34883798118734566,5276.0,5321.0,27.0,23.0,5022.093778156924,5069.854412875046,4930.133684486287,5029.186735427999,0.0,1.4213146343732954,5050.665206728352,5060.974789095682,4939.013308265651,5000.615306856571,37.0,35.0,28.0,11.0
2026-03-31,Bosnia and Herzegovina,Italy,1,1,World Cup qualifier,Bosnia and Herzegovina,False,51482,Bosnia and Herzegovina,Italy,5082.0,5392.0,-0.6501401286573217,-0.3333333333333333,5095.0,5379.0,63.0,19.0,5009.948717948718,5174.425268312699,4782.764462081643,4911.0,1.6814112855396925,1.740812926105391,4996.630283905589,5160.18204684544,4797.007683548902,4924.318434043129,55.0,17.0,81.0,34.0
2026-03-31,Iraq,Bolivia,2,1,World Cup qualifier,Mexico,True,51483,Iraq,Bolivia,4957.0,5077.0,-0.17888850315810628,0.34883798118734566,4978.0,5056.0,78.0,66.0,4851.0,4994.20719977489,4817.0,4811.465425819959,1.1708142557845973,1.5211477896711636,4866.564524289281,4983.544010833705,4827.663188941185,4795.900901530678,100.0,60.0,65.0,82.0
2026-03-31,Belgium,Mexico,1,1,Friendly,United States,True,51484,Belgium,Mexico,5465.0,5301.0,0.24413000926244083,0.0,5460.0,5306.0,11.0,24.0,5272.004825833074,5014.161428186211,4960.254023755192,5020.844485242644,1.7278198370867506,1.2052902617252086,5257.961298071513,5009.533738949592,4964.881712991812,5034.888013004205,8.0,52.0,17.0,8.0
2026-03-31,Canada,Tunisia,0,0,Friendly tournament,Canada,False,51485,Canada,Tunisia,5265.0,5114.0,0.032576315243089536,-0.3333333333333333,5250.0,5129.0,30.0,53.0,5024.054373187007,4991.5853254558115,4962.428571428572,4858.4661894255205,1.8761321932756454,0.0,4996.557384365342,4991.5853254558115,4962.428571428572,4885.963178247185,55.0,56.0,19.0,46.0
2026-03-27,Nigeria,Iran,2,1,Al-Nashama Tournament,Turkey,True,51486,Nigeria,Iran,5190.0,5182.0,0.011945613177752942,0.34883798118734566,5203.0,5169.0,39.0,48.5,5047.1548846735795,5067.167269226245,4901.351069686917,4886.994922710005,1.4753364860400093,1.4904605175600831,5057.8789881738185,5057.0411415066055,4911.477197406556,4876.270819209766,36.0,37.0,37.0,50.0
2026-03-27,Costa Rica,Jordan,2,2,Al-Nashama Tournament,Turkey,True,51487,Costa Rica,Jordan,5024.0,5125.0,-0.15063728362285558,0.0,5030.0,5119.0,70.0,59.0,5013.098081402056,5041.84007022742,4780.157698973942,4816.850179383762,1.573127057696837,1.7582720770237168,5022.079820855121,5047.225945460152,4774.771823741211,4807.868439930697,49.0,39.0,93.0,74.0
2026-03-28,Botswana,Zimbabwe,0,3,Mukuru Tournament,Botswana,False,51488,Botswana,Zimbabwe,4749.0,4865.0,-0.3652520324628364,-1.3529274769139015,4709.0,4905.0,135.0,89.0,4809.319543746221,4869.593220338983,4710.406779661017,4815.471191480021,1.395575076683563,1.1321959937836041,4786.577476939354,4897.01596679934,4682.98403320066,4838.213258286888,136.0,88.0,125.0,60.0
2026-03-31,Botswana,Malawi,1,0,Mukuru Tournament,Botswana,False,51489,Botswana,Malawi,4709.0,4701.0,-0.18036207912993935,0.015504647854012324,4717.0,4693.0,135.0,136.0,4786.577476939354,4731.0,4682.98403320066,4759.209264773758,1.4839056497016094,0.0,4776.567329203083,4731.0,4682.98403320066,4769.219412510029,139.0,156.0,125.0,97.0
2026-03-31,Jordan,Nigeria,2,2,Al-Nashama Tournament,Turkey,True,51490,Jordan,Nigeria,5119.0,5203.0,-0.1253278839022771,0.0,5124.0,5198.0,55.0,40.0,5047.225945460152,5057.8789881738185,4807.868439930697,4911.477197406556,1.4109310660407037,1.7245079707361504,5059.044234567544,5063.951887072872,4801.795541031644,4899.658908299164,37.0,33.0,77.0,41.0
2026-03-31,Costa Rica,Iran,0,5,Al-Nashama Tournament,Turkey,True,51491,Costa Rica,Iran,5030.0,5169.0,-0.20709525713754914,-1.6174100504100342,4974.0,5225.0,78.0,32.0,5022.079820855121,5057.0411415066055,4774.771823741211,4876.270819209766,1.4373030057826666,1.8186070887527437,4998.88309923557,5093.660630994851,4738.152334252965,4899.467540829318,53.0,27.0,107.0,42.0
2026-05-16,Ireland,Grenada,5,0,Friendly,Spain,True,51492,Ireland,Grenada,5171.0,4344.0,1.1458886914929551,1.6174100504100342,5180.0,4335.0,45.5,173.5,4937.755251136753,4653.0,4873.767758413671,4362.264622088821,2.7858507765457956,0.0,4968.061454352527,4653.0,4873.767758413671,4331.958418873047,65.0,169.0,52.0,183.0
2026-05-22,Mexico,Ghana,2,0,Friendly,Mexico,False,51493,Mexico,Ghana,5306.0,5048.0,0.19001042305120291,0.3574802874538306,5309.0,5045.0,24.0,67.0,5009.533738949592,5006.897435897436,5034.888013004205,4835.211891462517,1.9024260474040577,0.0,5011.812307148318,5006.897435897436,5034.888013004205,4832.933323263791,49.0,51.0,8.0,61.0
2026-05-26,Nigeria,Zimbabwe,2,0,Unity Cup,England,True,51494,Nigeria,Zimbabwe,5198.0,4905.0,0.4332300070238583,0.6908136207871639,5208.0,4895.0,39.0,91.5,5063.951887072872,4897.01596679934,4899.658908299164,4838.213258286888,1.655321550308305,0.0,5071.3879063433515,4897.01596679934,4899.658908299164,4830.777239016408,32.0,88.0,41.0,63.0
2026-05-26,Morocco,Burundi,5,0,Friendly,Morocco,False,51495,Morocco,Burundi,5276.0,4836.0,0.4504175975225098,1.284076717076701,5293.0,4819.0,26.0,109.0,5050.665206728352,4844.063611771229,4939.013308265651,4763.10661045014,2.2595476241799597,0.0,5084.675185631775,4844.063611771229,4939.013308265651,4729.096631546717,28.0,106.0,28.0,111.0
2026-05-27,Jamaica,India,2,0,Unity Cup,England,True,51496,Jamaica,India,4913.0,4485.0,0.6259257072259816,0.6908136207871639,4916.0,4482.0,87.0,165.0,4837.315175464297,4582.589019121642,4819.894305212609,4536.051282051282,1.8751593255350674,0.0,4840.204202739788,4582.589019121642,4819.894305212609,4533.162254775791,108.0,177.0,68.0,158.0
