date,home_team,away_team,home_score,away_score,tournament,country,neutral,match_id,history_home_team,history_away_team,home_points_before,away_points_before,expected_result,calculated_result,home_points_after,away_points_after,home_rank,away_rank,home_points_off_before,away_points_off_before,home_points_def_before,away_points_def_before,expected_score_1,expected_score_2,home_points_off_after,away_points_off_after,home_points_def_after,away_points_def_after,home_rank_off,away_rank_off,home_rank_def,away_rank_def
2025-12-11,Saudi Arabia,Palestine,2,1,Arab Cup,Qatar,True,51242,Saudi Arabia,Palestine,4989.0,4859.0,0.19374014616720445,0.34883798118734566,4995.0,4853.0,75.0,99.0,4843.0,4860.0,4850.0,4790.0,1.2030991859234905,1.1015087856788393,4858.089140821131,4857.632652274276,4852.367347725724,4774.910859178869,99.0,102.0,59.0,89.0
2025-12-11,Morocco,Syria,1,0,Arab Cup,Qatar,True,51243,Morocco,Syria,5338.0,4866.0,0.6872274993098428,0.34883798118734566,5324.0,4880.0,22.0,94.0,5098.0,4908.0,4946.0,4699.0,2.179542704175205,0.0,5077.760479230243,4908.0,4946.0,4719.239520769757,29.0,85.0,25.0,115.0
2025-12-12,Jordan,Iraq,1,0,Arab Cup,Qatar,True,51244,Jordan,Iraq,5057.0,4950.0,0.15956310332936013,0.34883798118734566,5065.0,4942.0,65.0,81.5,4982.0,4854.0,4788.0,4801.0,1.5314335350454222,1.2346761795883336,4971.158948563843,4833.096952501904,4808.903047498096,4811.841051436157,61.0,116.0,71.0,68.0
2025-12-12,Algeria,United Arab Emirates,1,1,Arab Cup,Qatar,True,51245,Algeria,United Arab Emirates,5199.0,4942.0,0.380858644730463,0.0,5184.0,4957.0,42.0,79.0,5182.0,4868.0,4793.0,4742.0,2.3138982299803956,1.2567718512579689,5160.173920897218,4862.306199359673,4798.693800640327,4763.826079102782,19.0,98.0,76.0,94.0
2025-12-15,Morocco,United Arab Emirates,3,0,Arab Cup,Qatar,True,51246,Morocco,United Arab Emirates,5324.0,4957.0,0.5396514626902552,1.0195941435805678,5343.0,4938.0,22.0,82.0,5077.760479230243,4862.306199359673,4946.0,4763.826079102782,1.9133545154185372,0.0,5096.840476238978,4862.306199359673,4946.0,4744.746082094047,28.0,98.0,25.0,105.0
2025-12-15,Jordan,Saudi Arabia,1,0,Arab Cup,Qatar,True,51247,Jordan,Saudi Arabia,5065.0,4995.0,0.10446585287222827,0.34883798118734566,5075.0,4985.0,63.0,75.0,4971.158948563843,4858.089140821131,4808.903047498096,4852.367347725724,1.3670211568782735,1.1939112400533465,4963.295062856403,4837.674974049248,4829.31721426998,4860.231233433165,66.0,112.0,64.0,56.0
2025-12-16,Egypt,Nigeria,2,1,Friendly,Egypt,False,51248,Egypt,Nigeria,5067.0,5102.0,-0.2445627527431206,0.015504647854012324,5072.0,5097.0,64.0,60.0,4914.0,5010.0,4887.0,4846.0,1.594534511364567,0.0,4922.58656195385,5027.948717948718,4869.051282051282,4837.41343804615,78.0,48.0,51.0,63.0
2025-12-16,DR Congo,Zambia,2,0,Friendly,Spain,True,51249,DR Congo,Zambia,5063.0,4839.0,0.3325572492495376,0.6908136207871639,5070.0,4832.0,65.0,105.0,4935.0,4905.0,4929.0,4707.0,1.6617089043107494,0.0,4942.312615203053,4905.0,4929.0,4699.687384796947,70.0,86.0,28.0,121.0
2025-12-17,Angola,Mozambique,4,1,Friendly,Portugal,True,51250,Angola,Mozambique,5027.0,4821.0,0.3061050193703147,1.0195941435805678,5041.0,4807.0,69.0,112.0,4986.0,4885.0,4802.0,4719.0,1.7737611584275366,1.2765735750272071,5016.399816264174,4878.905335483458,4808.094664516542,4688.600183735826,53.0,95.0,72.0,125.0
2025-12-18,Tunisia,Botswana,2,1,Friendly,Tunisia,False,51251,Tunisia,Botswana,5124.0,4792.0,0.29723104602699996,0.015504647854012324,5118.0,4798.0,56.0,115.5,4975.0,4822.0,4914.0,4761.0,2.0241382273187742,0.0,4974.422162777215,4839.948717948718,4896.051282051282,4761.577837222785,59.0,111.0,40.0,96.0
2025-12-18,Saudi Arabia,United Arab Emirates,0,0,Arab Cup,Qatar,True,51252,Saudi Arabia,United Arab Emirates,4985.0,4938.0,0.0701631197618214,0.0,4982.0,4941.0,76.0,82.0,4837.674974049248,4862.306199359673,4860.231233433165,4744.746082094047,1.3013605496154754,1.0832645496936752,4815.992655334321,4843.269422481675,4879.2680103111625,4766.4284008089735,121.0,108.0,48.0,94.0
2025-12-18,Morocco,Jordan,3,2,Arab Cup,Qatar,True,51253,Morocco,Jordan,5343.0,5075.0,0.3968984448219889,0.34883798118734566,5341.0,5077.0,22.0,63.0,5096.840476238978,4963.295062856403,4946.0,4829.31721426998,1.7752889010604496,1.1184346628754662,5117.6249081347805,4979.613589206563,4929.68147364984,4808.532782374177,26.0,59.0,27.0,71.0
2025-12-21,Peru,Bolivia,2,0,Friendly,Peru,False,51254,Peru,Bolivia,5206.0,5081.0,-0.005991764607351513,0.3574802874538306,5213.0,5074.0,38.0,63.0,4970.0,5017.0,4993.0,4795.0,1.9044752142923407,0.0,4972.232241586329,5017.0,4993.0,4792.767758413671,62.0,51.5,11.0,80.0
2025-12-21,Morocco,Comoros,2,0,African Nations Cup,Morocco,False,51255,Morocco,Comoros,5341.0,4852.0,0.5183796251605636,0.3574802874538306,5335.0,4858.0,22.0,98.0,5117.6249081347805,4921.0,4929.68147364984,4738.0,2.572034668880187,0.0,5106.092066259522,4921.0,4929.68147364984,4749.532841875259,26.0,79.0,27.0,103.0
2025-12-22,South Africa,Angola,2,1,African Nations Cup,Morocco,True,51256,South Africa,Angola,5001.0,5041.0,-0.05971748666595979,0.34883798118734566,5017.0,5025.0,72.0,71.0,4920.0,5016.399816264174,4763.0,4808.094664516542,1.3493835923469029,1.7342793655809972,4932.826828726852,5002.2568320793425,4777.142984184831,4795.26783578969,75.0,56.0,87.0,77.0
2025-12-22,Mali,Zambia,1,1,African Nations Cup,Morocco,True,51257,Mali,Zambia,5134.0,4832.0,0.44626558589263465,0.0,5116.0,4850.0,56.0,101.0,4943.0,4905.0,4928.0,4699.687384796947,1.7052770955297336,0.0,4929.306351667588,4922.948717948718,4910.051282051282,4713.381033129359,76.0,79.0,36.0,116.0
2025-12-22,Egypt,Zimbabwe,2,1,African Nations Cup,Morocco,True,51258,Egypt,Zimbabwe,5072.0,4813.0,0.3837773274089552,0.34883798118734566,5071.0,4814.0,64.0,108.0,4922.58656195385,4806.0,4869.051282051282,4822.0,1.3206369765375592,0.0,4935.8725604207975,4823.948717948718,4851.102564102564,4808.714001533052,74.0,119.0,59.0,70.0
2025-12-23,Tunisia,Uganda,3,1,African Nations Cup,Morocco,True,51259,Tunisia,Uganda,5118.0,4870.0,0.36771192862893426,0.6908136207871639,5131.0,4857.0,50.0,98.0,4974.422162777215,4840.0,4896.051282051282,4776.0,1.579116987866028,0.0,4997.441025025989,4857.948717948718,4878.102564102564,4752.981137751226,57.0,100.0,49.0,101.0
2025-12-23,Senegal,Botswana,3,0,African Nations Cup,Morocco,True,51260,Senegal,Botswana,5290.0,4798.0,0.7148137897910001,1.0195941435805678,5302.0,4786.0,25.0,122.0,5145.0,4839.948717948718,4972.0,4761.577837222785,2.1295269450968246,0.0,5161.16060185445,4839.948717948718,4972.0,4745.417235368335,19.0,111.0,16.0,105.0
2025-12-23,Nigeria,Tanzania,2,1,African Nations Cup,Morocco,True,51261,Nigeria,Tanzania,5097.0,4810.0,0.42452648146976235,0.34883798118734566,5094.0,4813.0,60.0,109.0,5027.948717948718,4750.0,4837.41343804615,4778.0,1.724329962697977,0.0,5034.025200197968,4767.948717948718,4819.464720097432,4771.92351775075,47.0,140.0,64.0,90.0
2025-12-23,DR Congo,Benin,1,0,African Nations Cup,Morocco,True,51262,DR Congo,Benin,5070.0,4900.0,0.2530033709710419,0.34883798118734566,5074.0,4896.0,63.5,89.5,4942.312615203053,4924.0,4929.0,4798.0,1.4333652367881233,0.0,4933.2120323325125,4924.0,4929.0,4807.10058287054,74.0,79.0,28.0,72.0
2025-12-24,Ivory Coast,Mozambique,1,0,African Nations Cup,Morocco,True,51263,Ivory Coast,Mozambique,5119.0,4807.0,0.4607211017167708,0.34883798118734566,5115.0,4811.0,56.0,110.0,4968.0,4878.905335483458,4937.0,4688.600183735826,1.8101375270941673,0.0,4952.714952887202,4878.905335483458,4937.0,4703.885230848624,67.0,95.0,26.0,119.0
2025-12-24,Cameroon,Gabon,1,0,African Nations Cup,Morocco,True,51264,Cameroon,Gabon,5038.0,4908.0,0.19374014616720445,0.34883798118734566,5044.0,4902.0,69.0,88.0,4939.0,4969.0,4855.0,4736.0,1.5917650453034715,1.354736715173569,4927.136786801575,4946.711530369445,4877.288469630555,4747.863213198425,77.0,68.0,50.0,103.0
2025-12-24,Burkina Faso,Equatorial Guinea,2,1,African Nations Cup,Morocco,True,51265,Burkina Faso,Equatorial Guinea,5055.0,4845.0,0.3119893372984081,0.34883798118734566,5056.0,4844.0,67.0,102.0,5067.0,4782.0,4845.0,4768.0,1.8683745538829115,0.0,5070.039221497496,4799.948717948718,4827.051282051282,4764.960778502504,31.0,127.0,62.0,94.0
2025-12-24,Algeria,Sudan,3,0,African Nations Cup,Morocco,True,51266,Algeria,Sudan,5184.0,4838.0,0.5096338787942162,1.0195941435805678,5204.0,4818.0,39.5,106.0,5160.173920897218,4838.0,4798.693800640327,4866.0,1.8539512563808218,1.1702704102375323,5180.001514961639,4817.873836266361,4818.819964373966,4846.172405935578,18.0,121.0,65.0,59.0
2025-12-26,Morocco,Mali,1,1,African Nations Cup,Morocco,False,51267,Morocco,Mali,5335.0,5116.0,0.1329088258512787,-0.3333333333333333,5316.0,5135.0,23.0,50.0,5106.092066259522,4929.306351667588,4929.68147364984,4910.051282051282,1.968590663896663,0.0,5088.565956013349,4947.255069616306,4911.732755701122,4927.577392297455,28.0,68.0,34.0,28.0
2025-12-26,Egypt,South Africa,1,0,African Nations Cup,Morocco,True,51268,Egypt,South Africa,5071.0,5017.0,0.08060637546837077,0.34883798118734566,5082.0,5006.0,62.0,72.0,4935.8725604207975,4932.826828726852,4851.102564102564,4777.142984184831,1.4715237930816987,1.273405693933501,4926.08272426913,4911.46815786844,4872.461234960976,4786.9328203364985,76.0,84.0,53.0,84.0
2025-12-26,Comoros,Zambia,0,0,African Nations Cup,Morocco,True,51269,Comoros,Zambia,4858.0,4850.0,0.011945613177752942,0.0,4858.0,4850.0,97.0,101.0,4921.0,4922.948717948718,4749.532841875259,4713.381033129359,1.6045768246764989,1.51089998186637,4896.065276473463,4898.971071852581,4773.510487971395,4738.315756655896,86.0,85.0,90.0,114.0
2025-12-26,Angola,Zimbabwe,1,1,African Nations Cup,Morocco,True,51270,Angola,Zimbabwe,5025.0,4814.0,0.31345988759074506,0.0,5012.0,4827.0,71.0,105.0,5002.2568320793425,4823.948717948718,4795.26783578969,4808.714001533052,1.5656903485575906,1.1451044181577241,4990.831020648869,4820.613098581949,4798.603455156459,4820.139812963526,58.0,119.0,77.0,64.0
2025-12-27,Tanzania,Uganda,1,1,African Nations Cup,Morocco,True,51271,Tanzania,Uganda,4813.0,4857.0,-0.06568669036646062,0.0,4816.0,4854.0,108.5,99.0,4767.948717948718,4857.948717948718,4771.92351775075,4752.981137751226,1.1130207459161792,1.2841011024910844,4765.32296363725,4851.702974948027,4778.169260751441,4755.606892062694,141.0,103.0,87.0,100.0
2025-12-27,Nigeria,Tunisia,3,2,African Nations Cup,Morocco,True,51272,Nigeria,Tunisia,5094.0,5131.0,-0.05524014658997864,0.34883798118734566,5110.0,5115.0,57.5,55.5,5034.025200197968,4997.441025025989,4819.464720097432,4878.102564102564,1.4640559406664573,1.5232307918740045,5058.262675403978,5007.324390607654,4809.581354515767,4853.865088896554,34.0,55.0,71.0,57.0
2025-12-27,DR Congo,Senegal,1,1,African Nations Cup,Morocco,True,51273,DR Congo,Senegal,5074.0,5302.0,-0.3384257684384187,0.0,5088.0,5288.0,61.0,26.0,4933.2120323325125,5161.16060185445,4929.0,4972.0,0.0,1.6734922032467447,4951.16075028123,5147.967777707684,4942.192824146766,4954.051282051282,67.0,21.0,25.0,22.0
2025-12-27,Benin,Botswana,1,0,African Nations Cup,Morocco,True,51274,Benin,Botswana,4896.0,4786.0,0.1640245420844626,0.34883798118734566,4903.0,4779.0,87.5,122.0,4924.0,4839.948717948718,4807.10058287054,4745.417235368335,1.5248742785315206,1.1549425903976525,4913.272248699021,4820.011078999332,4827.038221819926,4756.144986669315,80.0,119.0,63.0,99.0
2025-12-28,Sudan,Equatorial Guinea,1,0,African Nations Cup,Morocco,True,51275,Sudan,Equatorial Guinea,4818.0,4844.0,-0.03882050262392682,0.34883798118734566,4834.0,4828.0,104.0,105.0,4817.873836266361,4799.948717948718,4846.172405935578,4764.960778502504,1.202889352244381,0.0,4813.296729884261,4799.948717948718,4846.172405935578,4769.537884884603,123.0,127.0,59.0,93.0
2025-12-28,Mozambique,Gabon,3,2,African Nations Cup,Morocco,True,51276,Mozambique,Gabon,4811.0,4902.0,-0.1357527158532171,0.34883798118734566,4830.0,4883.0,105.0,92.5,4878.905335483458,4946.711530369445,4703.885230848624,4747.863213198425,1.3986752637090352,1.7038849159183234,4903.80750053648,4953.196921333292,4697.399839884777,4722.961048145403,85.0,66.0,122.0,115.0
2025-12-28,Cameroon,Ivory Coast,1,1,African Nations Cup,Morocco,True,51277,Cameroon,Ivory Coast,5044.0,5115.0,-0.10595650039902862,0.0,5048.0,5111.0,69.0,56.0,4927.136786801575,4952.714952887202,4877.288469630555,4937.0,0.0,1.2578236629606678,4945.085504750293,4946.999733060669,4883.003689457088,4919.051282051282,71.0,70.0,45.0,30.0
2025-12-28,Algeria,Burkina Faso,1,0,African Nations Cup,Morocco,True,51278,Algeria,Burkina Faso,5204.0,5056.0,0.22043883678697573,0.34883798118734566,5209.0,5051.0,39.0,68.0,5180.001514961639,5070.039221497496,4818.819964373966,4827.051282051282,2.0333356378033005,1.727989624321411,5161.611654215703,5043.902759767586,4844.956426103877,4845.441142797218,19.0,41.0,61.0,60.0
2025-12-29,South Africa,Zimbabwe,3,2,African Nations Cup,Morocco,True,51279,South Africa,Zimbabwe,5006.0,4827.0,0.2663016456062246,0.34883798118734566,5009.0,4824.0,72.0,107.0,4911.46815786844,4820.613098581949,4786.9328203364985,4820.139812963526,1.2973490815539799,1.156912075762723,4937.363140217321,4836.379801339442,4771.166117579006,4794.244830614645,73.0,113.0,91.0,77.0
2025-12-29,Morocco,Zambia,3,0,African Nations Cup,Morocco,False,51280,Morocco,Zambia,5316.0,4850.0,0.48660927301101264,0.6862608102472345,5324.0,4842.0,22.0,101.0,5088.565956013349,4898.971071852581,4911.732755701122,4738.315756655896,2.4701798847236236,0.0,5099.37917852148,4898.971071852581,4911.732755701122,4727.502534147765,28.0,86.0,34.0,114.0
2025-12-29,Comoros,Mali,0,0,African Nations Cup,Morocco,True,51281,Comoros,Mali,4858.0,5135.0,-0.4099978582330678,0.0,4874.0,5119.0,96.0,54.0,4896.065276473463,4947.255069616306,4773.510487971395,4927.577392297455,0.0,1.5117871175510746,4896.065276473463,4923.268169204095,4797.497388383606,4927.577392297455,87.0,78.0,77.0,27.0
2025-12-29,Angola,Egypt,0,0,African Nations Cup,Morocco,True,51282,Angola,Egypt,5012.0,5082.0,-0.10446585287222827,0.0,5016.0,5078.0,71.0,63.0,4990.831020648869,4926.08272426913,4798.603455156459,4872.461234960976,1.365937550320627,1.3894326134543422,4968.4172775045845,4903.408330775516,4821.277848650073,4894.87497810526,63.0,85.0,66.0,40.0
2025-12-30,Tanzania,Tunisia,1,1,African Nations Cup,Morocco,True,51283,Tanzania,Tunisia,4816.0,5115.0,-0.441923053763413,0.0,4834.0,5097.0,104.5,60.0,4765.32296363725,5007.324390607654,4778.169260751441,4853.865088896554,0.0,1.6649762743546683,4783.271681585968,4994.267266065289,4791.226385293806,4835.916370947836,133.0,56.0,84.0,63.0
2025-12-30,Senegal,Benin,3,0,African Nations Cup,Morocco,True,51284,Senegal,Benin,5288.0,4903.0,0.5652559694966777,1.0195941435805678,5306.0,4885.0,25.0,90.0,5147.967777707684,4913.272248699021,4954.051282051282,4827.038221819926,1.9346029792361823,0.0,5166.774921371473,4913.272248699021,4954.051282051282,4808.231078156136,19.0,80.0,22.0,73.0
2025-12-30,Nigeria,Uganda,3,1,African Nations Cup,Morocco,True,51285,Nigeria,Uganda,5110.0,4854.0,0.37939891646520185,0.6908136207871639,5122.0,4842.0,52.5,100.5,5058.262675403978,4851.702974948027,4809.581354515767,4755.606892062694,1.8793367272845158,1.1769836183269964,5077.773493338528,4847.676676852353,4813.607652611441,4736.096074128144,30.0,105.0,67.0,112.0
2025-12-30,DR Congo,Botswana,3,0,African Nations Cup,Morocco,True,51286,DR Congo,Botswana,5088.0,4779.0,0.4563876434164134,1.0195941435805678,5111.0,4756.0,56.5,126.5,4951.16075028123,4820.011078999332,4942.192824146766,4756.144986669315,1.569737555797331,0.0,4974.281374581548,4820.011078999332,4942.192824146766,4733.024362368997,60.0,119.0,25.0,112.0
2025-12-31,Ivory Coast,Gabon,3,2,African Nations Cup,Morocco,True,51287,Ivory Coast,Gabon,5111.0,4883.0,0.3384257684384187,0.34883798118734566,5111.0,4883.0,56.5,92.5,4946.999733060669,4953.196921333292,4919.051282051282,4722.961048145403,1.6505279086731903,1.1580141914496056,4969.229093405375,4968.947650922873,4903.300552461701,4700.731687800697,64.0,65.0,37.0,120.0
2025-12-31,Cameroon,Mozambique,2,1,African Nations Cup,Morocco,True,51288,Cameroon,Mozambique,5048.0,4830.0,0.32374770397088637,0.34883798118734566,5049.0,4829.0,69.0,106.0,4945.085504750293,4903.80750053648,4883.003689457088,4697.399839884777,1.7178208767178185,1.1266206194640553,4951.292741321369,4900.8790055326845,4885.932184460883,4691.192603313701,69.0,85.0,44.0,124.0
2025-12-31,Burkina Faso,Sudan,2,0,African Nations Cup,Morocco,True,51289,Burkina Faso,Sudan,5051.0,4834.0,0.3222786693802725,0.6908136207871639,5066.0,4819.0,67.0,109.0,5043.902759767586,4813.296729884261,4845.441142797218,4846.172405935578,1.577209895135238,0.0,5052.809523784128,4813.296729884261,4845.441142797218,4837.265641919036,35.0,123.0,58.0,62.0
2025-12-31,Algeria,Equatorial Guinea,3,1,African Nations Cup,Morocco,True,51290,Algeria,Equatorial Guinea,5209.0,4828.0,0.5595763164717984,0.6908136207871639,5214.0,4823.0,37.5,107.0,5161.611654215703,4799.948717948718,4844.956426103877,4769.537884884603,2.1572344407400403,0.0,5177.373685850905,4817.897435897436,4827.007708155159,4753.775853249402,19.0,121.0,63.0,99.0
2026-01-03,Senegal,Sudan,3,1,African Nations Cup,Morocco,True,51291,Senegal,Sudan,5306.0,4819.0,0.7079340683343035,0.6908136207871639,5305.0,4820.0,25.0,108.5,5166.774921371473,4813.296729884261,4954.051282051282,4837.265641919036,1.9608216457164358,0.0,5185.241331941776,4831.245447832979,4936.102564102564,4818.799231348734,16.0,116.0,26.0,65.0
2026-01-03,Mali,Tunisia,1,1,African Nations Cup,Morocco,True,51292,Mali,Tunisia,5119.0,5097.0,0.032848844977153964,0.0,5118.0,5098.0,55.0,60.5,4923.268169204095,4994.267266065289,4927.577392297455,4835.916370947836,1.2874088789067666,1.2363630775623173,4916.956264366089,4988.991915278344,4932.8527430844,4842.228275785842,79.0,57.0,27.0,59.0
2026-01-04,Morocco,Tanzania,1,0,African Nations Cup,Morocco,False,51293,Morocco,Tanzania,5324.0,4834.0,0.5197555701797719,0.015504647854012324,5304.0,4854.0,25.0,99.0,5099.37917852148,4783.271681585968,4911.732755701122,4791.226385293806,2.327726264297453,0.0,5077.39553230349,4783.271681585968,4911.732755701122,4813.210031511796,30.0,133.0,33.0,68.0
2026-01-04,Cameroon,South Africa,2,1,African Nations Cup,Morocco,True,51294,Cameroon,South Africa,5049.0,5009.0,0.05971748666595979,0.34883798118734566,5061.0,4997.0,68.0,74.0,4951.292741321369,4937.363140217321,4885.932184460883,4771.166117579006,1.5290620055523094,1.1993150806577677,4961.072114203824,4932.861482501681,4890.433842176523,4761.386744696551,68.0,74.0,43.0,95.0
2026-01-05,Nigeria,Mozambique,4,0,African Nations Cup,Morocco,True,51295,Nigeria,Mozambique,5122.0,4829.0,0.4332300070238583,1.3298213678932875,5158.0,4793.0,47.0,118.5,5077.773493338528,4900.8790055326845,4813.607652611441,4691.192603313701,2.139622700705375,1.2872081755652351,5105.129814647329,4879.359996084962,4835.126662059163,4663.8362820049,27.0,95.0,62.0,133.0
2026-01-05,Egypt,Benin,3,1,African Nations Cup,Morocco,True,51296,Egypt,Benin,5078.0,4885.0,0.2869582419910324,0.6908136207871639,5094.0,4869.0,62.0,96.0,4903.408330775516,4913.272248699021,4894.87497810526,4808.231078156136,1.3070058848516761,1.12100297847381,4929.21058200626,4910.468475067044,4897.678751737237,4782.428826925393,76.0,82.0,40.0,85.0
2026-01-06,Ivory Coast,Burkina Faso,3,0,African Nations Cup,Morocco,True,51297,Ivory Coast,Burkina Faso,5111.0,5066.0,0.06717888029971976,1.0195941435805678,5149.0,5028.0,50.0,70.0,4969.229093405375,5052.809523784128,4903.300552461701,4845.441142797218,1.3798883616204887,1.4470622606888466,4994.318698211513,5029.507727726537,4926.602348519292,4820.3515379910805,56.0,47.0,28.0,65.0
2026-01-06,Algeria,DR Congo,1,0,African Nations Cup,Morocco,True,51298,Algeria,DR Congo,5214.0,5111.0,0.15361298324165673,0.34883798118734566,5222.0,5103.0,35.0,58.0,5177.373685850905,4974.281374581548,4827.007708155159,4942.192824146766,1.682071468893546,1.4411624227291255,5164.044805275193,4951.04304351546,4850.246039221247,4955.521704722478,20.0,69.0,58.0,21.0
2026-01-09,Senegal,Mali,1,0,African Nations Cup,Morocco,True,51299,Senegal,Mali,5305.0,5118.0,0.2781099628520138,0.34883798118734566,5308.0,5115.0,24.0,56.0,5185.241331941776,4916.956264366089,4936.102564102564,4932.8527430844,1.7313611261789126,0.0,5171.143235648501,4916.956264366089,4936.102564102564,4946.950839377674,19.0,80.0,27.0,25.0
2026-01-09,Morocco,Cameroon,2,0,African Nations Cup,Morocco,False,51300,Morocco,Cameroon,5304.0,5061.0,0.16809174140434,0.3574802874538306,5312.0,5053.0,23.0,67.0,5077.39553230349,4961.072114203824,4911.732755701122,4890.433842176523,1.9407973283139746,0.0,5078.795972718631,4961.072114203824,4911.732755701122,4889.033401761382,30.0,67.0,34.0,43.0
2026-01-10,Nigeria,Algeria,2,0,African Nations Cup,Morocco,True,51301,Nigeria,Algeria,5158.0,5222.0,-0.09552048802745207,0.6908136207871639,5189.0,5191.0,43.0,42.0,5105.129814647329,5164.044805275193,4835.126662059163,4850.246039221247,1.7385661907169254,1.9590096553942289,5110.918443400548,5135.822865908318,4863.348601426038,4844.457410468028,26.0,22.0,55.0,59.0
2026-01-10,Egypt,Ivory Coast,3,2,African Nations Cup,Morocco,True,51302,Egypt,Ivory Coast,5094.0,5149.0,-0.08209805446964252,0.34883798118734566,5111.0,5132.0,57.0,51.0,4929.21058200626,4994.318698211513,4897.678751737237,4926.602348519292,1.0844875023527845,1.3106849408506336,4957.055152008064,5007.7619466712595,4884.23550327749,4898.757778517487,68.0,55.0,46.0,39.0
2026-01-14,Senegal,Egypt,1,0,African Nations Cup,Morocco,True,51303,Senegal,Egypt,5308.0,5111.0,0.29285318687021866,0.34883798118734566,5310.0,5109.0,24.5,58.0,5171.143235648501,4957.055152008064,4936.102564102564,4884.23550327749,1.8323386855459163,1.1269683639439514,5155.532726287748,4937.465282322866,4955.692433787763,4899.846012638243,20.0,72.0,21.0,39.0
2026-01-14,Morocco,Nigeria,0,0,African Nations Cup,Morocco,False,51304,Morocco,Nigeria,5312.0,5189.0,-0.00896235677471905,-0.3333333333333333,5299.0,5202.0,25.0,40.0,5078.795972718631,5110.918443400548,4911.732755701122,4863.348601426038,2.028647884476266,1.2278062354366401,5049.98373957846,5090.097108391476,4932.554090710195,4892.160834566209,37.0,28.0,28.0,41.0
2026-01-17,Egypt,Nigeria,0,0,African Nations Cup,Morocco,True,51305,Egypt,Nigeria,5109.0,5202.0,-0.13873041149823015,0.0,5115.0,5196.0,56.5,41.5,4937.465282322866,5090.097108391476,4899.846012638243,4892.160834566209,1.1845955337938914,1.556664082655716,4917.1642055872335,5065.646873021488,4924.296248008231,4912.461911301842,79.0,30.0,30.0,33.0
2026-01-17,Canada,Guatemala,1,0,Friendly,United States,True,51306,Canada,Guatemala,5285.0,4931.0,0.5210871850345279,0.34883798118734566,5282.0,4934.0,27.0,84.0,5045.0,4950.0,4991.0,4761.0,1.8237246963720553,0.0,5029.515308341075,4950.0,4991.0,4776.484691658925,46.0,70.0,12.0,88.0
2026-01-18,Morocco,Senegal,0,1,African Nations Cup,Morocco,False,51307,Morocco,Senegal,5299.0,5310.0,-0.20873280244320705,-0.6821713145206783,5280.0,5329.0,27.0,22.0,5049.98373957846,5155.532726287748,4932.554090710195,4955.692433787763,1.6681930984427553,1.2864780034107413,5024.421440793236,5149.239426846394,4938.847390151549,4981.2547325729865,48.0,20.0,27.0,15.0
2026-01-18,Grenada,Jamaica,0,1,Friendly,Grenada,False,51308,Grenada,Jamaica,4376.0,4926.0,-0.9860712607526181,-0.6821713145206783,4382.0,4920.0,172.0,85.0,4653.0,4858.0,4378.0,4792.0,0.0,2.005496114890327,4653.0,4839.978031478774,4396.021968521226,4792.0,170.0,110.0,174.0,82.5
2026-01-18,Bolivia,Panama,1,1,Friendly,Bolivia,False,51309,Bolivia,Panama,5074.0,5102.0,-0.23411386673033513,-0.3333333333333333,5072.0,5104.0,65.0,59.0,5017.0,5036.0,4792.767758413671,4818.0,1.977691372866717,1.3374784535417144,4999.350736683287,5028.703120009316,4800.064638404355,4835.649263316713,56.0,46.0,75.0,63.0
2026-01-22,Panama,Mexico,0,1,Friendly,Panama,False,51310,Panama,Mexico,5104.0,5268.0,-0.4364377015701332,-0.6821713145206783,5099.0,5273.0,60.0,28.0,5028.703120009316,5022.0,4835.649263316713,4948.0,1.6299205737617988,1.1967132815964832,5003.516267766435,5017.55337273438,4840.095890582333,4973.186852242881,55.0,49.0,63.0,17.0
2026-01-25,Bolivia,Mexico,0,1,Friendly,Bolivia,False,51311,Bolivia,Mexico,5072.0,5273.0,-0.49105262456157717,-0.6821713145206783,5068.0,5277.0,65.0,28.0,4999.350736683287,5017.55337273438,4800.064638404355,4973.186852242881,1.4806860679090408,1.2728212513083699,4975.690510146418,5011.53428559428,4806.083725544455,4996.8470787797505,60.0,52.0,74.0,11.0
2026-01-26,China,Uzbekistan,2,2,Friendly,United Arab Emirates,True,51312,China,Uzbekistan,4797.0,5123.0,-0.48090682358684894,0.0,4807.0,5113.0,112.0,57.0,4748.0,4909.0,4699.0,4911.0,0.0,1.611200822720666,4776.571428571428,4917.275343352545,4690.724656647455,4882.428571428572,138.0,79.0,123.0,48.0
2026-02-21,Martinique,Jamaica,0,2,Friendly,Martinique,False,51313,Martinique,Jamaica,4682.0,4920.0,-0.5453885215376244,-1.0241469541204973,4672.0,4930.0,145.0,85.0,4729.0,4839.978031478774,4689.0,4792.0,1.251845113207474,1.113045027700081,4707.893924138508,4856.372957881421,4672.605073597353,4813.106075861492,162.0,101.0,129.0,69.0
2026-02-25,Mexico,Iceland,4,0,Friendly,Mexico,False,51314,Mexico,Iceland,5277.0,5110.0,0.05625976447072359,0.9964880345599543,5296.0,5091.0,26.0,62.0,5011.53428559428,5103.0,4996.8470787797505,4774.0,2.0980750487964714,0.0,5039.259572419281,5103.0,4996.8470787797505,4746.274713174999,40.0,27.0,11.0,103.0
2026-03-15,Bolivia,Trinidad and Tobago,3,0,Friendly,Bolivia,False,51315,Bolivia,Trinidad and Tobago,5068.0,4756.0,0.2684134094090785,0.6862608102472345,5076.0,4748.0,65.0,129.0,4975.690510146418,4857.0,4806.083725544455,4635.0,2.437467159730332,0.0,4987.062907358341,4857.0,4806.083725544455,4623.627602788077,59.0,100.0,75.0,140.0
2026-03-25,Equatorial Guinea,Kyrgyzstan,1,0,Friendly,Turkey,True,51316,Equatorial Guinea,Kyrgyzstan,4823.0,4703.0,0.178888503158106,0.34883798118734566,4826.0,4700.0,105.0,138.0,4817.897435897436,4829.0,4753.775853249402,4593.0,1.6529486343155584,1.2573245980688081,4805.033077555567,4807.82948040533,4774.946372844071,4605.864358341869,126.0,125.0,90.0,147.0
2026-03-25,DR Congo,Bermuda,2,0,Friendly,Mexico,True,51317,DR Congo,Bermuda,5103.0,4372.0,1.0288925528270982,0.6908136207871639,5096.0,4379.0,61.0,173.0,4951.04304351546,4775.0,4955.521704722478,4321.0,2.9879660150351595,0.0,4933.255434059765,4775.0,4955.521704722478,4338.787609455695,73.0,139.0,23.0,181.0
2026-03-25,US Virgin Islands,Eastern Samoa,5,2,FIFA Series,Puerto Rico,True,51318,US Virgin Islands,Eastern Samoa,3511.0,2325.0,1.5303677605936552,1.0195941435805678,3491.0,2345.0,214.0,221.0,4110.0,3436.0,3947.0,2888.0,5.6247384760211,0.0,4097.592925370496,3464.5714285714284,3918.4285714285716,2900.4070746295038,215.0,221.0,212.0,221.0
2026-03-25,Puerto Rico,Guam,4,0,FIFA Series,Puerto Rico,False,51319,Puerto Rico,Guam,4473.0,3753.0,0.8228220608285347,0.9964880345599543,4480.0,3746.0,165.0,208.0,4688.0,4169.0,4457.0,3995.0,3.7837344015076644,0.0,4692.857927354391,4169.0,4457.0,3990.142072645609,165.0,213.0,169.0,210.0
2026-03-25,Kazakhstan,Namibia,2,0,FIFA Series,Kazakhstan,False,51320,Kazakhstan,Namibia,4879.0,4764.0,-0.02084969326083846,0.3574802874538306,4894.0,4749.0,89.0,128.0,4844.0,4854.0,4680.0,4747.0,1.675874418076297,1.1671622410867648,4851.037191994587,4833.9119503887205,4700.0880496112795,4739.962808005413,102.0,114.0,121.0,108.0
2026-03-25,Eritrea,Eswatini,2,0,African Nations Cup qualifier,Morocco,True,51321,Eritrea,Eswatini,4584.0,4670.0,-0.12830685526310587,0.6908136207871639,4617.0,4637.0,152.0,150.0,4734.0,4851.0,4621.0,4683.0,1.1982767554266494,1.6673680423562252,4749.160676099275,4825.445728506537,4646.554271493463,4667.839323900725,150.0,117.0,136.0,130.0
2026-03-26,Poland,Albania,2,1,World Cup qualifier,Poland,False,51322,Poland,Albania,5227.0,5150.0,-0.0774088798221953,0.015504647854012324,5231.0,5146.0,32.0,49.0,5058.0,4932.0,4862.0,4925.0,1.7796039360637377,0.0,5062.944155856958,4949.948717948718,4844.051282051282,4920.055844143042,32.0,70.0,59.0,30.0
2026-03-26,Italy,Northern Ireland,2,0,World Cup qualifier,Italy,False,51323,Italy,Northern Ireland,5386.0,5121.0,0.20021942461671824,0.3574802874538306,5392.0,5115.0,17.0,55.0,5181.0,4973.0,4911.0,4881.0,2.3006171262716983,0.0,5174.425268312699,4973.0,4911.0,4887.574731687301,18.0,61.0,36.0,44.0
2026-03-26,Denmark,North Macedonia,4,0,World Cup qualifier,Denmark,False,51324,Denmark,North Macedonia,5404.0,5040.0,0.34306498657131307,0.9964880345599543,5430.0,5014.0,13.0,71.0,5193.0,4913.0,4956.0,4811.0,2.5803582022560985,0.0,5216.005362596032,4913.0,4956.0,4787.994637403968,13.0,82.0,22.0,84.0
2026-03-26,Czechia,Ireland,2,2,World Cup qualifier,Czechia,False,51325,Czechia,Ireland,5221.0,5170.0,-0.11617668408607236,-0.3333333333333333,5212.0,5179.0,38.0,45.0,5051.0,4937.0,4879.0,4876.0,1.9044752142923407,0.0,5053.232241586329,4965.571428571428,4850.428571428572,4873.767758413671,34.0,67.0,57.0,52.0
2026-03-26,Saint Martin,Barbados,3,1,CONCACAF Series,Bonaire,True,51326,Saint Martin,Barbados,4116.0,4077.0,0.0582250799031812,0.6908136207871639,4141.0,4052.0,191.0,197.0,4470.0,4576.0,4287.0,4236.0,1.6787145879638827,1.838549206594821,4491.9103826949995,4560.299138190266,4302.700861809734,4214.0896173050005,190.0,180.0,186.0,198.0
2026-03-26,Dominican Republic,El Salvador,2,2,CONCACAF Series,Dominican Republic,False,51327,Dominican Republic,El Salvador,4761.0,4645.0,-0.019363352152548252,-0.3333333333333333,4748.0,4658.0,128.5,146.5,4829.0,4688.0,4629.0,4697.0,1.776681370847447,0.0,4834.005030192811,4716.571428571428,4600.428571428572,4691.994969807189,113.0,161.0,149.0,123.0
2026-03-26,Anguilla,Bahamas,3,1,CONCACAF Series,Cayman Islands,True,51328,Anguilla,Bahamas,3596.0,3568.0,0.04180617442264282,0.6908136207871639,3622.0,3542.0,212.0,213.0,4185.0,4389.0,4039.0,3827.0,2.0491257809251704,2.0241382273187742,4202.284697330683,4370.731103299769,4057.268896700231,3809.715302669317,211.0,204.0,207.0,215.0
2026-03-26,Cayman Islands,British Virgin Islands,1,1,CONCACAF Series,Cayman Islands,False,51329,Cayman Islands,British Virgin Islands,3898.0,3893.0,-0.1848416504876429,-0.3333333333333333,3892.0,3899.0,206.0,205.0,4310.0,4349.0,4129.0,4211.0,1.6815571133728526,1.2790594507403374,4296.679258091973,4342.855364501826,4135.144635498174,4224.320741908027,207.0,205.0,205.0,198.0
2026-03-26,Bonaire,St Vincent & Grenadines,3,1,CONCACAF Series,Bonaire,False,51330,Bonaire,St Vincent & Grenadines,3988.0,4464.0,-0.8850667429679522,0.3574802874538306,4038.0,4414.0,199.0,170.0,4430.0,4751.0,4226.0,4495.0,1.2469278538309059,2.147370344653203,4456.372909419182,4731.1560229762945,4245.8439770237055,4468.627090580818,196.0,157.0,196.0,167.0
2026-03-26,Jamaica,New Caledonia,1,0,World Cup qualifier,Mexico,True,51331,Jamaica,New Caledonia,4930.0,4459.0,0.6858435077756179,0.34883798118734566,4917.0,4472.0,85.0,167.0,4856.372957881421,4670.0,4813.106075861492,4487.0,2.0849070109629007,0.0,4837.315175464297,4670.0,4813.106075861492,4506.057782417124,108.0,168.0,69.0,160.0
2026-03-26,Slovakia,Kosovo,3,4,World Cup qualifier,Slovakia,False,51332,Slovakia,Kosovo,5142.0,5200.0,-0.27888043913051563,-0.6821713145206783,5126.0,5216.0,52.0,36.0,4955.0,5016.0,4901.0,4891.0,1.5834707959320042,0.0,4977.971475367597,5056.579710144928,4860.420289855072,4868.028524632403,61.0,34.0,54.0,51.0
2026-03-26,Bolivia,Suriname,2,1,World Cup qualifier,Mexico,True,51333,Bolivia,Suriname,5076.0,4866.0,0.3119893372984081,0.34883798118734566,5077.0,4865.0,64.5,97.0,4987.062907358341,4888.0,4806.083725544455,4756.0,1.6703794469658308,1.2738822425284013,4994.207226120716,4881.959524798968,4812.124200745487,4748.8556812376255,56.0,92.0,71.0,100.0
2026-03-26,Cuba,Martinique,2,2,CONCACAF Series,Dominican Republic,True,51334,Cuba,Martinique,4597.0,4672.0,-0.11191834826127317,0.0,4601.0,4668.0,155.0,145.0,4733.0,4707.893924138508,4623.0,4672.605073597353,1.2210123220317755,1.2812836401215955,4747.821777682031,4721.796684174992,4609.097239963516,4657.783295915322,151.0,160.0,145.0,133.0
2026-03-26,Sweden,Ukraine,3,1,World Cup qualifier,Spain,True,51335,Sweden,Ukraine,5214.0,5248.0,-0.05076246262136292,0.6908136207871639,5244.0,5218.0,29.0,36.0,5122.0,5138.0,4793.0,4902.0,1.6391665991217022,2.008597266593078,5144.356738482627,5119.936791169315,4811.063208830685,4879.643261517373,21.0,25.0,73.0,47.0
2026-03-26,Moldova,Lithuania,0,2,Friendly,Moldova,False,51336,Moldova,Lithuania,4696.0,4816.0,-0.3711961954657986,-1.0241469541204973,4683.0,4829.0,141.0,105.0,4790.0,4760.0,4594.0,4685.0,1.6986617272264246,1.148214170817534,4764.143277336129,4775.892433832175,4578.107566167825,4710.856722663871,143.0,138.0,155.0,116.0
2026-03-26,Wales,Bosnia and Herzegovina,1,1,World Cup qualifier,Wales,False,51337,Wales,Bosnia and Herzegovina,5222.0,5067.0,0.03850104322233195,-0.3333333333333333,5207.0,5082.0,39.0,64.0,5014.0,4992.0,4868.0,4763.0,2.140963995048977,0.0,4994.235537918357,5009.948717948718,4850.051282051282,4782.764462081643,56.0,52.0,57.0,85.0
2026-03-26,Vietnam,Bangladesh,3,0,Friendly,Vietnam,False,51338,Vietnam,Bangladesh,4639.0,4239.0,0.39419356205014033,0.6862608102472345,4645.0,4233.0,149.0,179.0,4712.0,4386.0,4553.0,4400.0,2.340572759988594,0.0,4724.968352402858,4386.0,4553.0,4387.031647597142,160.0,200.0,158.0,174.0
2026-03-26,Georgia,Israel,2,2,Friendly,Georgia,False,51339,Georgia,Israel,5169.0,5122.0,-0.12214457254587091,-0.3333333333333333,5165.0,5126.0,47.0,52.5,5038.0,5106.0,4806.0,4768.0,2.202202768805318,1.4855960053502144,5033.437373095433,5116.545992706753,4795.454007293247,4772.562626904567,45.0,26.0,79.0,93.0
2026-03-26,France,Brazil,2,1,Friendly,United States,True,51340,France,Brazil,5551.0,5497.0,0.08060637546837077,0.34883798118734566,5556.0,5492.0,5.0,10.0,5250.0,5234.0,5035.0,5082.0,1.4963199256930904,1.5807107626914887,5260.3586719173845,5222.321421640628,5046.678578359372,5071.6413280826155,7.0,12.0,8.0,5.0
2026-03-26,Turkey,Romania,1,0,World Cup qualifier,Turkey,False,51341,Turkey,Romania,5377.0,5156.0,0.13584578915384057,0.015504647854012324,5372.0,5161.0,19.0,48.0,5213.0,5007.0,4892.0,4770.0,2.7986442075399895,0.0,5186.203952253768,5007.0,4892.0,4796.796047746232,15.0,54.0,39.0,79.0
2026-03-26,Croatia,Colombia,2,1,Friendly,United States,True,51342,Croatia,Colombia,5424.0,5533.0,-0.16253750751540533,0.34883798118734566,5434.0,5523.0,13.0,9.0,5183.0,5283.0,4982.0,5069.0,1.354736715173569,1.8743678303822788,5195.740500862424,5266.783841194789,4998.216158805211,5056.259499137576,15.0,6.0,10.0,7.0
2026-03-26,Liechtenstein,Tanzania,1,0,FIFA Series,Rwanda,True,51343,Liechtenstein,Tanzania,4343.0,4854.0,-0.7408521222026498,0.34883798118734566,4387.0,4810.0,172.0,109.0,4541.0,4783.271681585968,4346.0,4813.210031511796,0.0,2.3048354001331703,4558.948717948718,4752.273875583266,4376.9978060027015,4795.261313563078,181.0,147.0,176.0,80.0
2026-03-26,Cyprus,Belarus,0,1,Friendly,Cyprus,False,51344,Cyprus,Belarus,4801.0,4972.0,-0.4467893559678602,-0.6821713145206783,4796.0,4977.0,115.5,78.0,4888.0,4926.0,4584.0,4811.0,1.6195658057127436,1.6000805173906196,4862.915819069037,4913.998665742507,4596.001334257493,4836.084180930963,97.0,81.0,151.0,64.0
2026-03-26,Myanmar,Afghanistan,2,1,Asian Cup qualifier,Myanmar,False,51345,Myanmar,Afghanistan,4118.0,4329.0,-0.5057675798984373,0.015504647854012324,4139.0,4308.0,192.0,176.5,4525.0,4552.0,4185.0,4484.0,1.520586859895931,1.6702011451909566,4534.930398686398,4538.85954145005,4198.14045854995,4474.069601313602,186.0,184.0,202.0,165.0
2026-03-26,South Sudan,Djibouti,4,0,African Nations Cup qualifier,South Sudan,False,51346,South Sudan,Djibouti,4573.0,4308.0,0.20021942461671824,0.9964880345599543,4605.0,4276.0,155.0,177.0,4742.0,4736.0,4623.0,4331.0,2.6830509918104566,0.0,4763.860930828007,4736.0,4623.0,4309.139069171993,143.0,155.0,141.0,185.0
2026-03-26,Lesotho,Seychelles,0,0,African Nations Cup qualifier,South Africa,True,51347,Lesotho,Seychelles,4624.0,4087.0,0.7762082111784465,0.0,4593.0,4118.0,157.0,194.0,4783.0,4681.0,4710.0,4180.0,2.886905717754678,0.0,4748.079196016133,4681.0,4710.0,4214.920803983867,151.0,167.0,117.0,199.0
2026-03-26,Malta,Luxembourg,0,2,European Nations League C/D,Malta,False,51348,Malta,Luxembourg,4736.0,4884.0,-0.4127465290946684,-1.0241469541204973,4712.0,4908.0,135.5,86.0,4758.0,4789.0,4602.0,4753.0,1.42466685092828,1.1982767554266494,4734.940031914002,4804.160676099275,4586.839323900725,4776.059968085998,155.0,127.0,154.0,91.0
2026-03-26,Gibraltar,Latvia,0,1,European Nations League C/D,Gibraltar,False,51349,Gibraltar,Latvia,4428.0,4809.0,-0.7518840087794908,-0.6821713145206783,4431.0,4806.0,169.0,112.0,4605.0,4780.0,4404.0,4701.0,1.1719229912141473,1.6958050703945053,4584.853595079771,4766.454673161059,4417.545326838941,4721.146404920229,177.0,140.0,171.0,115.0
2026-03-26,Aruba,Macao,4,1,FIFA Series,Rwanda,True,51350,Aruba,Macao,4200.0,3660.0,0.7802668052142884,1.0195941435805678,4210.0,3650.0,182.0,211.0,4578.0,4156.0,4370.0,4054.0,2.601443926909335,0.0,4600.774839609329,4173.948717948718,4352.051282051282,4031.225160390671,175.0,213.0,178.0,208.0
2026-03-27,Venezuela,Trinidad and Tobago,4,1,FIFA Series,Uzbekistan,True,51351,Venezuela,Trinidad and Tobago,5196.0,4748.0,0.653891793422006,1.0195941435805678,5211.0,4733.0,39.0,133.0,5040.0,4857.0,4912.0,4623.627602788077,2.235990841381966,0.0,5066.475214113827,4874.948717948718,4894.051282051282,4597.15238867425,30.0,97.0,38.0,149.0
2026-03-27,New Zealand,Finland,0,2,FIFA Series,New Zealand,False,51352,New Zealand,Finland,5098.0,5003.0,-0.05059996804591071,-1.0241469541204973,5059.0,5042.0,66.0,69.0,5039.0,4968.0,4883.0,4732.0,2.323883629528014,0.0,5007.859977441408,4996.571428571428,4854.428571428572,4763.140022558592,52.0,56.0,54.0,97.0
2026-03-27,China,Curaçao,2,0,FIFA Series,Australia,True,51353,China,Curaçao,4807.0,4896.0,-0.13277464549720627,0.6908136207871639,4840.0,4863.0,102.5,97.0,4776.571428571428,4846.0,4690.724656647455,4759.0,1.119078366973444,1.4623364616995826,4792.880815619606,4822.534695749009,4714.189960898446,4742.690612951822,129.0,118.0,117.0,104.0
2026-03-27,Chile,Cape Verde,4,2,FIFA Series,New Zealand,True,51354,Chile,Cape Verde,5227.0,5000.0,0.3369589813002737,0.6908136207871639,5241.0,4986.0,30.5,74.0,5051.0,4941.0,4938.0,4864.0,1.5477743442569236,1.0853863786042826,5083.071853270578,4957.783601132917,4921.216398867083,4831.928146729422,28.0,70.0,29.0,64.0
2026-03-27,Bulgaria,Solomon Islands,10,2,FIFA Series,Indonesia,True,51355,Bulgaria,Solomon Islands,4890.0,4221.0,0.950397229726608,2.324128695937471,4945.0,4166.0,81.0,187.0,4887.0,4493.0,4708.0,4325.0,2.736937969033696,0.0,4937.02570491241,4521.571428571428,4679.428571428572,4274.97429508759,73.0,188.0,126.0,191.0
2026-03-27,Australia,Cameroon,1,0,FIFA Series,Australia,False,51356,Australia,Cameroon,5234.0,5053.0,0.0769471459354949,0.015504647854012324,5232.0,5055.0,32.0,67.0,5064.0,4961.072114203824,4955.0,4889.033401761382,1.9043742592140838,0.0,5047.359629250024,4961.072114203824,4955.0,4905.673772511358,38.0,69.0,24.0,36.0
2026-03-27,Estonia,Kenya,1,1,FIFA Series,Rwanda,True,51357,Estonia,Kenya,4840.0,4793.0,0.0701631197618214,0.0,4837.0,4796.0,103.5,116.0,4837.0,4880.0,4635.0,4687.0,1.4483598576139347,1.7101119032823604,4827.62669743767,4866.230943925984,4648.769056074016,4696.37330256233,115.0,97.0,136.0,123.0
2026-03-27,Uzbekistan,Gabon,3,1,FIFA Series,Uzbekistan,False,51358,Uzbekistan,Gabon,5113.0,4883.0,0.14905095932082993,0.3574802874538306,5121.0,4875.0,54.0,93.0,4917.275343352545,4968.947650922873,4882.428571428572,4700.731687800697,2.0320669113845296,0.0,4934.792532675832,4986.896368871591,4864.479853479854,4683.2144984774095,75.0,61.0,50.0,125.0
2026-03-27,Rwanda,Grenada,4,0,FIFA Series,Rwanda,False,51359,Rwanda,Grenada,4798.0,4382.0,0.4167598505623647,0.9964880345599543,4821.0,4359.0,108.0,175.0,4768.0,4653.0,4790.0,4396.021968521226,2.545325594188154,0.0,4791.38342638681,4653.0,4790.0,4372.638542134416,131.0,170.0,84.0,176.0
2026-03-27,Indonesia,Saint Kitts and Nevis,4,0,FIFA Series,Indonesia,False,51360,Indonesia,Saint Kitts and Nevis,4676.0,4049.0,0.7036733716406357,0.9964880345599543,4688.0,4037.0,140.0,199.0,4758.0,4531.0,4590.0,4212.0,3.1869066930240866,0.0,4773.328602537777,4531.0,4590.0,4196.671397462223,138.0,187.0,151.0,203.0
2026-03-27,Chad,Burundi,0,4,African Nations Cup qualifier,Chad,False,51361,Chad,Burundi,4591.0,4755.0,-0.4364377015701332,-1.6631547012266203,4542.0,4804.0,161.0,115.0,4781.0,4781.0,4629.0,4739.0,1.5232949884744245,1.1154206517646263,4756.89338954986,4815.906696273096,4594.093303726904,4763.10661045014,145.0,122.0,150.0,98.0
2026-03-27,Azerbaijan,Saint Lucia,6,1,FIFA Series,Azerbaijan,False,51362,Azerbaijan,Saint Lucia,4793.0,4154.0,0.7193203442345357,1.284076717076701,4816.0,4131.0,111.0,193.0,4811.0,4540.0,4649.0,4300.0,3.05220297073993,0.0,4846.286072860555,4557.948717948718,4631.051282051282,4264.713927139445,104.0,182.0,137.0,193.0
2026-03-27,Mauritius,Somalia,0,0,African Nations Cup qualifier,Mozambique,True,51363,Mauritius,Somalia,4610.0,4493.0,0.17443056213433075,0.0,4603.0,4500.0,154.0,163.0,4661.0,4737.0,4695.0,4604.0,1.2127725052216005,1.176693232785949,4640.358431506306,4716.795260130788,4715.204739869212,4624.641568493694,171.0,162.0,117.0,139.0
2026-03-27,Sint Maarten,Belize,3,2,CONCACAF Series,Dominican Republic,True,51365,Sint Maarten,Belize,4024.0,4377.0,-0.519656721619982,0.34883798118734566,4059.0,4342.0,196.0,175.0,4470.0,4609.0,4174.0,4467.0,1.0853863786042826,2.2973027012230536,4497.83669968907,4602.49101695074,4180.50898304926,4439.16330031093,190.0,174.0,204.0,170.0
2026-03-27,Algeria,Guatemala,7,0,Friendly,Italy,True,51366,Algeria,Guatemala,5191.0,4934.0,0.380858644730463,2.115287219910072,5226.0,4899.0,34.0,89.0,5135.822865908318,4950.0,4844.457410468028,4776.484691658925,2.0533201521971254,1.3331866289662047,5179.952051253271,4927.954417745474,4866.502992722554,4732.355506313972,18.0,77.0,50.0,113.0
2026-03-27,Greece,Paraguay,0,1,Friendly,Greece,False,51367,Greece,Paraguay,5310.0,5321.0,-0.20873280244320705,-0.6821713145206783,5301.0,5330.0,24.0,22.0,5156.0,5073.0,4912.0,5002.0,1.8415211624099699,1.1364487738365767,5128.813264572001,5069.854412875046,4915.145587124954,5029.186735427999,22.0,30.0,33.0,9.0
2026-03-27,Austria,Ghana,5,1,Friendly,Austria,False,51368,Austria,Ghana,5356.0,5052.0,0.256851420073919,0.9964880345599543,5371.0,5037.0,20.0,69.0,5123.0,4971.0,4974.0,4853.0,2.202202768805318,0.0,5157.372196523842,4988.948717948718,4956.051282051282,4818.627803476158,20.0,60.0,21.0,68.0
2026-03-27,Switzerland,Germany,3,4,Friendly,Switzerland,False,51369,Switzerland,Germany,5441.0,5536.0,-0.3340154165694739,-0.6821713145206783,5434.0,5543.0,12.5,7.0,5210.0,5256.0,4998.0,4959.0,2.140963995048977,1.3752770309357178,5225.996792865876,5289.2560761622435,4964.7439238377565,4943.003207134124,12.0,6.0,17.0,26.0
2026-03-27,Spain,Serbia,3,0,Friendly,Spain,False,51370,Spain,Serbia,5720.0,5222.0,0.5307467253280991,0.6862608102472345,5723.0,5219.0,1.0,35.0,5430.0,5024.0,5058.0,4950.0,2.935274359374027,0.0,5431.528234107646,5024.0,5058.0,4948.471765892354,1.0,49.0,6.0,24.0
2026-03-27,South Africa,Panama,1,1,Friendly,South Africa,False,51371,South Africa,Panama,4997.0,5099.0,-0.34443287818936447,-0.3333333333333333,4997.0,5099.0,73.0,58.0,4932.861482501681,5003.516267766435,4761.386744696551,4840.095890582333,1.663874086248009,1.3346767119483822,4919.821968502946,4996.273698594112,4768.629313868874,4853.135404581068,79.0,56.0,95.0,55.0
2026-03-27,Saudi Arabia,Egypt,0,4,Friendly,Saudi Arabia,False,51372,Saudi Arabia,Egypt,4982.0,5115.0,-0.3905007780943353,-1.6631547012266203,4957.0,5140.0,78.0,50.0,4815.992655334321,4917.1642055872335,4879.2680103111625,4924.296248008231,1.1427862611078485,0.0,4796.205549830596,4957.743915732161,4838.6883001662345,4944.0833535119555,129.0,71.0,61.0,26.0
2026-03-27,Russia,Nicaragua,3,1,Friendly,Russia,False,51373,Russia,Nicaragua,5346.0,4712.0,0.7128103337572504,0.3574802874538306,5339.0,4719.0,21.0,135.0,5180.0,4767.0,4904.0,4665.0,3.067453458004809,0.0,5178.408823549498,4784.948717948718,4886.051282051282,4666.591176450502,18.0,135.0,41.0,130.0
2026-03-27,Nigeria,Iran,2,1,Friendly tournament,Turkey,True,51374,Nigeria,Iran,5196.0,5130.0,0.09850255130819324,0.34883798118734566,5206.0,5120.0,42.0,55.0,5065.646873021488,5038.0,4912.461911301842,4874.0,1.560488322092878,1.3844094915638014,5074.859542543512,5029.807153012259,4920.654758289583,4864.787330477976,30.0,44.0,30.0,49.0
2026-03-27,Argentina,Mauritania,2,1,Friendly,Argentina,False,51375,Argentina,Mauritania,5608.0,4775.0,0.9607032521934269,0.015504647854012324,5589.0,4794.0,2.0,120.0,5291.0,4749.0,5125.0,4793.0,3.002896035558728,0.0,5273.012658843714,4766.948717948718,5107.051282051282,4810.987341156286,6.0,140.0,2.0,74.0
2026-03-27,Netherlands,Norway,2,1,Friendly,Netherlands,False,51376,Netherlands,Norway,5541.0,5544.0,-0.1967873256666048,0.015504647854012324,5545.0,5540.0,6.0,8.0,5340.0,5310.0,4963.0,4916.0,2.729722716278815,1.6139867929999967,5325.927137103221,5297.769141422041,4975.230858577959,4930.072862896779,2.0,4.0,16.0,29.0
2026-03-27,Libya,Niger,0,0,Friendly,Morocco,True,51377,Libya,Niger,4883.0,4903.0,-0.029862875649715716,0.0,4884.0,4902.0,91.0,88.0,4841.0,4988.0,4800.0,4782.0,1.2176233924726174,1.5505060709550125,4820.300283355467,4963.612790267791,4824.387209732209,4802.699716644533,119.0,68.0,65.0,77.0
2026-03-27,Guinea,Togo,2,2,Friendly,Morocco,True,51378,Guinea,Togo,4981.0,4809.0,0.25595978200740344,0.0,4976.0,4814.0,77.0,112.0,4936.0,4809.0,4885.0,4740.0,1.5724448137953777,0.0,4944.994249940137,4837.571428571428,4856.428571428572,4731.005750059863,73.0,107.0,52.0,113.0
2026-03-27,England,Uruguay,1,1,Friendly,England,False,51379,England,Uruguay,5585.0,5379.0,0.11379732706262238,-0.3333333333333333,5576.0,5388.0,3.0,18.0,5247.0,5082.0,5076.0,5084.0,1.8683745538829115,0.0,5230.869379780954,5099.948717948718,5058.051282051282,5100.130620219046,11.0,28.0,5.0,3.0
2026-03-27,Ecuador,Morocco,1,1,Friendly,Spain,True,51380,Ecuador,Morocco,5420.0,5280.0,0.20857845995831,0.0,5416.0,5284.0,16.0,27.0,5060.0,5024.421440793236,5148.0,4938.847390151549,1.3730941548927023,0.0,5052.020825064427,5042.370158741954,5130.051282051282,4946.826565087122,36.0,41.0,1.0,26.0
2026-03-27,Costa Rica,Jordan,2,2,Friendly tournament,Turkey,True,51381,Costa Rica,Jordan,5085.0,5077.0,0.011945613177752942,0.0,5085.0,5077.0,62.0,64.5,5028.0,4979.613589206563,4827.0,4808.532782374177,1.6376706876390406,1.4552761377833037,5035.774522262105,4990.682885870195,4815.930703336368,4800.758260112072,44.0,59.0,69.0,77.0
2026-03-27,Benin,Liberia,1,0,Friendly,Morocco,True,51382,Benin,Liberia,4869.0,4723.0,0.21747463092964353,0.34883798118734566,4872.0,4720.0,95.0,134.0,4910.468475067044,4815.0,4782.428826925393,4665.0,1.7114553984362868,1.1542874516264985,4896.678500556462,4795.070450707327,4802.358376218066,4678.789974510582,86.0,129.0,77.0,127.0
2026-03-27,Montenegro,Andorra,2,0,Friendly,Montenegro,False,51383,Montenegro,Andorra,4904.0,4697.0,0.11526872211347065,0.3574802874538306,4909.0,4692.0,86.0,139.0,4892.0,4588.0,4671.0,4654.0,2.099551274404266,0.0,4889.676789435885,4588.0,4671.0,4656.323210564115,90.0,177.0,129.0,134.0
2026-03-27,Guyana,Dominica,2,0,CONCACAF Series,Dominican Republic,True,51384,Guyana,Dominica,4613.0,4022.0,0.8485751642524678,0.6908136207871639,4607.0,4028.0,152.0,202.0,4892.0,4485.0,4494.0,4281.0,2.916624452143646,0.0,4875.188361219554,4485.0,4494.0,4297.811638780446,94.0,192.0,164.0,186.0
2026-03-28,Guam,Eastern Samoa,6,0,FIFA Series,Puerto Rico,True,51385,Guam,Eastern Samoa,3746.0,2345.0,1.7193121984441864,1.8796734844931227,3752.0,2339.0,208.0,221.0,4169.0,3464.5714285714284,3990.142072645609,2900.4070746295038,5.8665906354259745,0.0,4172.078600478143,3464.5714285714284,3990.142072645609,2897.3284741513608,214.0,221.0,210.0,221.0
2026-03-28,Puerto Rico,US Virgin Islands,2,0,FIFA Series,Puerto Rico,False,51386,Puerto Rico,US Virgin Islands,4480.0,3491.0,1.1377112890496182,0.3574802874538306,4449.0,3522.0,167.0,214.0,4692.857927354391,4097.592925370496,4457.0,3918.4285714285716,4.135900020344031,0.0,4663.168497298178,4097.592925370496,4457.0,3948.1180014847837,168.0,215.0,168.0,211.0
2026-03-28,Botswana,Zimbabwe,0,3,Friendly tournament,Botswana,False,51387,Botswana,Zimbabwe,4756.0,4824.0,-0.2937920346360304,-1.3529274769139015,4714.0,4866.0,135.0,96.0,4820.011078999332,4836.379801339442,4733.024362368997,4794.244830614645,1.479623802260978,0.0,4796.362092046435,4871.973021678425,4697.431142030014,4817.893817567543,127.0,97.0,122.0,69.0
2026-03-28,Burkina Faso,Guinea-Bissau,5,0,Friendly,Burkina Faso,False,51388,Burkina Faso,Guinea-Bissau,5028.0,4745.0,0.22641071509691724,1.284076717076701,5049.0,4724.0,68.0,132.0,5029.507727726537,4700.0,4820.3515379910805,4745.0,2.249531927093019,0.0,5063.58150048647,4700.0,4820.3515379910805,4710.926227240067,33.0,164.0,66.0,117.0
2026-03-28,Canada,Iceland,2,2,Friendly tournament,Canada,False,51389,Canada,Iceland,5282.0,5091.0,0.0917018970270774,-0.3333333333333333,5265.0,5108.0,28.0,58.0,5029.515308341075,5103.0,4991.0,4746.274713174999,2.2453784629143567,0.0,5024.0544416738285,5131.571428571428,4962.428571428572,4751.735579842246,48.0,23.0,19.0,99.0
2026-03-28,San Marino,Faroe Islands,1,2,Friendly,San Marino,False,51390,San Marino,Faroe Islands,4238.0,4936.0,-1.1796982303916828,-0.6821713145206783,4248.0,4926.0,178.0,84.0,4555.0,4819.0,4251.0,4813.0,0.0,2.2873734692871754,4572.948717948718,4812.688802694778,4257.311197305222,4795.051282051282,180.0,122.0,195.0,84.0
2026-03-28,Ivory Coast,South Korea,4,0,Friendly,England,True,51391,Ivory Coast,South Korea,5132.0,5204.0,-0.10744707472730182,1.3298213678932875,5161.0,5175.0,48.5,45.5,5007.7619466712595,5047.0,4898.757778517487,4886.0,1.3746636342996763,1.4437173663092018,5041.022101969647,5023.7341640537,4922.023614463787,4852.739844701612,42.0,50.0,30.0,54.0
2026-03-28,Madagascar,Kyrgyzstan,5,2,Friendly,Turkey,True,51392,Madagascar,Kyrgyzstan,4820.0,4700.0,0.178888503158106,1.0195941435805678,4837.0,4683.0,105.0,141.5,4895.0,4807.82948040533,4742.0,4605.864358341869,1.8389521897830645,1.2342593943483409,4931.507441228593,4822.451857753301,4727.3776226520295,4569.356917113276,77.0,120.0,112.0,155.0
2026-03-28,Scotland,Japan,0,1,Friendly,Scotland,False,51393,Scotland,Japan,5297.0,5423.0,-0.3801087242318193,-0.6821713145206783,5291.0,5429.0,26.0,15.0,5120.0,5249.0,4885.0,4920.0,1.9807713990178626,1.6617089043107494,5091.591786093659,5235.99511258607,4898.00488741393,4948.408213906341,28.0,9.0,38.0,25.0
2026-03-28,Senegal,Peru,2,0,Friendly,France,True,51394,Senegal,Peru,5329.0,5213.0,0.17294434015514407,0.6908136207871639,5339.0,5203.0,21.5,42.0,5149.239426846394,4972.232241586329,4981.2547325729865,4993.0,1.4648978294786419,0.0,5160.143659115797,4972.232241586329,4981.2547325729865,4982.095767730597,20.0,65.0,14.0,13.0
2026-03-28,United States,Belgium,2,5,Friendly,United States,False,51395,United States,Belgium,5241.0,5448.0,-0.49988410672885525,-1.3529274769139015,5224.0,5465.0,34.0,11.0,5052.0,5235.0,4841.0,4968.0,1.6391665991217022,1.7475851355411804,5059.745976244808,5272.004825833074,4803.995174166926,4960.254023755192,35.0,7.0,75.0,19.0
2026-03-28,Hungary,Slovenia,1,0,Friendly,Hungary,False,51396,Hungary,Slovenia,5175.0,5183.0,-0.20425330548544496,0.015504647854012324,5179.0,5179.0,44.0,44.0,5017.0,4920.0,4858.0,4988.0,1.4882734435472293,0.0,5006.912519866601,4920.0,4858.0,4998.087480133399,54.0,79.5,50.0,11.0
2026-03-28,Comoros,Namibia,0,0,FIFA Series,Kazakhstan,True,51397,Comoros,Namibia,4874.0,4749.0,0.1863159277003408,0.0,4867.0,4756.0,95.0,125.0,4896.065276473463,4833.9119503887205,4797.497388383606,4739.962808005413,1.4645338259806997,1.1633950487923983,4872.576543906334,4813.8701743768925,4817.539164395434,4763.4515405725415,96.0,122.0,69.0,97.0
2026-03-28,Mexico,Portugal,0,0,Friendly,Mexico,False,51398,Mexico,Portugal,5296.0,5562.0,-0.5862921849286827,-0.3333333333333333,5301.0,5557.0,24.5,4.0,5039.259572419281,5307.0,4996.8470787797505,4963.0,1.6174992790244553,1.512889530786057,5014.195938196374,5283.001604749857,5020.845474029894,4988.063634222906,50.0,5.0,10.0,13.0
2026-03-28,Tunisia,Haiti,1,0,Friendly tournament,Canada,True,51399,Tunisia,Haiti,5098.0,4984.0,0.1699715398238675,0.34883798118734566,5105.0,4977.0,59.0,75.5,4988.991915278344,5039.0,4842.228275785842,4792.0,1.5751755051847298,1.57456913019271,4977.40623124516,5014.367496644589,4866.860779141253,4803.585684033184,63.0,49.0,46.0,77.0
2026-03-29,Dominican Republic,Cuba,1,1,CONCACAF Series,Dominican Republic,False,51400,Dominican Republic,Cuba,4748.0,4601.0,0.02664911675051721,-0.3333333333333333,4734.0,4615.0,130.0,152.0,4834.005030192811,4747.821777682031,4600.428571428572,4609.097239963516,2.0582453074359743,1.1047315118862258,4815.290381208991,4745.38189052305,4602.868458587553,4627.811888947336,121.0,152.0,145.0,138.0
2026-03-29,El Salvador,Martinique,1,0,CONCACAF Series,Dominican Republic,True,51401,El Salvador,Martinique,4658.0,4668.0,-0.01493195447168774,0.34883798118734566,4673.0,4653.0,145.0,147.5,4716.571428571428,4721.796684174992,4691.994969807189,4657.783295915322,1.2171090710356607,1.147746458814844,4711.695874131029,4701.948046683858,4711.843607298323,4662.658850355721,162.0,163.0,117.0,133.0
2026-03-29,St Vincent & Grenadines,Barbados,3,2,CONCACAF Series,Bonaire,True,51402,St Vincent & Grenadines,Barbados,4414.0,4052.0,0.5325183848146092,0.34883798118734566,4407.0,4059.0,170.0,196.5,4731.1560229762945,4560.299138190266,4468.627090580818,4214.0896173050005,2.577084840320544,1.2982099958508895,4740.065086179828,4573.938273240851,4454.987955530232,4205.180554101467,153.0,180.0,168.0,200.0
2026-03-29,Lesotho,Seychelles,2,1,African Nations Cup qualifier,South Africa,True,51403,Lesotho,Seychelles,4593.0,4118.0,0.6913768265314991,0.34883798118734566,4579.0,4132.0,158.0,193.0,4748.079196016133,4681.0,4710.0,4214.920803983867,2.633791193571268,0.0,4735.524582254376,4698.948717948718,4692.051282051282,4227.475417745624,154.0,165.0,124.0,198.0
2026-03-29,Armenia,Belarus,1,2,Friendly,Armenia,False,51404,Armenia,Belarus,4793.0,4977.0,-0.4659909352471949,-0.6821713145206783,4789.0,4981.0,123.0,75.0,4920.0,4913.998665742507,4588.0,4836.084180930963,1.6389301969143526,1.5559729496028658,4907.3619677994775,4923.293415174665,4578.705250567842,4848.722213131486,85.0,79.0,153.0,58.0
2026-03-29,Aruba,Liechtenstein,4,1,FIFA Series,Rwanda,True,51405,Aruba,Liechtenstein,4210.0,4387.0,-0.26334772391557126,1.0195941435805678,4261.0,4336.0,178.0,175.0,4600.774839609329,4558.948717948718,4352.051282051282,4376.9978060027015,1.64979068746787,1.602572175365494,4632.109714484614,4546.906124630514,4364.093875369486,4345.662931127416,173.0,183.0,177.0,180.0
2026-03-29,Tanzania,Macao,6,0,FIFA Series,Rwanda,True,51406,Tanzania,Macao,4810.0,3650.0,1.5054268094777312,1.8796734844931227,4825.0,3635.0,109.0,211.0,4752.273875583266,4173.948717948718,4795.261313563078,4031.225160390671,3.340553751302354,0.0,4785.759447541524,4173.948717948718,4795.261313563078,3997.739588432413,135.0,213.0,84.0,209.0
2026-03-29,France,Colombia,3,1,Friendly,United States,True,51407,France,Colombia,5556.0,5523.0,0.049269829691622,0.6908136207871639,5569.0,5510.0,4.0,9.0,5260.3586719173845,5266.783841194789,5046.678578359372,5056.259499137576,1.5948092955340265,1.6394622283623157,5283.206289146183,5254.137186675728,5059.325232878433,5033.411881908778,5.0,9.0,5.0,8.0
2026-03-29,Lithuania,Georgia,0,2,Friendly,Lithuania,False,51408,Lithuania,Georgia,4829.0,5165.0,-0.6875945286663547,-1.0241469541204973,4822.0,5172.0,109.0,47.0,4775.892433832175,5033.437373095433,4710.856722663871,4795.454007293247,1.360981431469643,1.5466294980103164,4753.534040176839,5042.901264759193,4701.392831000111,4817.812400948583,147.0,41.0,119.0,69.0
2026-03-29,South Sudan,Djibouti,0,1,African Nations Cup qualifier,South Sudan,False,51409,South Sudan,Djibouti,4605.0,4276.0,0.2929165445174816,-0.6821713145206783,4566.0,4315.0,159.0,176.0,4763.860930828007,4736.0,4623.0,4309.139069171993,2.841584396752464,0.0,4729.217025238954,4753.948717948718,4605.051282051282,4343.782974761046,157.0,146.0,144.0,181.0
2026-03-29,British Virgin Islands,Anguilla,4,0,CONCACAF Series,Cayman Islands,True,51410,British Virgin Islands,Anguilla,3899.0,3622.0,0.40999785823306806,1.3298213678932875,3936.0,3585.0,204.0,212.0,4342.855364501826,4202.284697330683,4224.320741908027,4057.268896700231,1.828422051123795,0.0,4372.828374471045,4202.284697330683,4224.320741908027,4027.2958867310126,204.0,211.0,199.0,208.0
2026-03-29,Bonaire,Saint Martin,0,3,CONCACAF Series,Bonaire,False,51411,Bonaire,Saint Martin,4038.0,4141.0,-0.3459206755493488,-1.3529274769139015,3998.0,4181.0,202.0,185.0,4456.372909419182,4491.9103826949995,4245.8439770237055,4302.700861809734,1.8405462433038824,1.3446925823895408,4429.1949787717895,4517.3469797476555,4220.4073799710495,4329.878792457127,197.0,190.0,199.0,184.0
2026-03-29,Cayman Islands,Bahamas,1,0,CONCACAF Series,Cayman Islands,False,51412,Cayman Islands,Bahamas,3892.0,3542.0,0.32305557521565087,0.015504647854012324,3880.0,3554.0,206.0,213.0,4296.679258091973,4370.731103299769,4135.144635498174,3809.715302669317,2.9613467964543587,1.3181115878650882,4268.437233504889,4348.856904566857,4157.018834231085,3837.957327256401,208.0,205.0,205.0,215.0
2026-03-30,Guyana,Belize,3,1,CONCACAF Series,Dominican Republic,True,51413,Guyana,Belize,4607.0,4342.0,0.39252711692441056,0.6908136207871639,4619.0,4330.0,151.0,175.0,4875.188361219554,4602.49101695074,4494.0,4439.16330031093,2.300700218836749,1.340680215186043,4888.78850226299,4595.132186865849,4501.358830084891,4425.5631592674945,89.0,175.0,162.0,170.0
2026-03-30,Azerbaijan,Sierra Leone,1,1,FIFA Series,Azerbaijan,False,51414,Azerbaijan,Sierra Leone,4816.0,4805.0,-0.17588258217217728,-0.3333333333333333,4810.0,4811.0,114.0,113.0,4846.286072860555,4846.0,4631.051282051282,4750.0,1.673848184888442,1.266526829318727,4833.087590300036,4840.108094117641,4636.943187933642,4763.198482560519,112.0,106.0,137.0,98.0
2026-03-30,Cape Verde,Finland,1,1,FIFA Series,New Zealand,True,51415,Cape Verde,Finland,4986.0,5042.0,-0.08358967671509245,0.0,4989.0,5039.0,74.0,69.0,4957.783601132917,4996.571428571428,4831.928146729422,4763.140022558592,1.568714412448454,1.4873180817948803,4946.3067240719165,4986.500846210422,4841.998729090428,4774.616899619593,72.0,61.0,61.0,94.0
2026-03-30,Gabon,Trinidad and Tobago,2,2,FIFA Series,Uzbekistan,True,51416,Gabon,Trinidad and Tobago,4875.0,4733.0,0.2115444344832792,0.0,4867.0,4741.0,94.5,129.5,4986.896368871591,4874.948717948718,4683.2144984774095,4597.15238867425,2.1497558356134787,1.5607277922616327,4983.459074524769,4884.157028211783,4674.006188214345,4600.589683021072,61.0,90.0,127.0,146.0
2026-03-30,Indonesia,Bulgaria,0,1,FIFA Series,Indonesia,False,51417,Indonesia,Bulgaria,4688.0,4945.0,-0.5731663370381553,-0.6821713145206783,4684.0,4949.0,140.0,80.0,4773.328602537777,4937.02570491241,4590.0,4679.428571428572,1.6670849497346212,1.6140584371997209,4747.777086030907,4924.793668544161,4602.232036368249,4704.980087935442,149.0,78.0,146.0,119.0
2026-03-30,Saint Kitts and Nevis,Solomon Islands,4,2,FIFA Series,Indonesia,True,51418,Saint Kitts and Nevis,Solomon Islands,4037.0,4166.0,-0.19225556502484026,0.6908136207871639,4072.0,4131.0,195.0,193.5,4531.0,4521.571428571428,4196.671397462223,4274.97429508759,1.7418684979433765,1.9467148143199418,4561.644663688961,4522.834416316632,4195.408409717019,4244.329631398628,182.0,188.0,203.0,195.0
2026-03-30,New Zealand,Chile,4,1,FIFA Series,New Zealand,False,51419,New Zealand,Chile,5059.0,5241.0,-0.463038851004536,0.6862608102472345,5105.0,5195.0,59.5,42.0,5007.859977441408,5083.071853270578,4854.428571428572,4921.216398867083,1.6465989602143143,1.30064427732274,5039.218343486068,5076.496583547009,4861.00384115214,4889.8580328224225,44.0,29.0,50.0,40.0
2026-03-30,Rwanda,Estonia,2,0,FIFA Series,Rwanda,False,51420,Rwanda,Estonia,4821.0,4837.0,-0.2161983896036635,0.3574802874538306,4844.0,4814.0,101.0,111.5,4791.38342638681,4827.62669743767,4790.0,4648.769056074016,1.807822596763892,0.0,4795.733894187412,4827.62669743767,4790.0,4644.418588273414,129.0,114.0,86.0,136.0
2026-03-30,Uzbekistan,Venezuela,0,0,FIFA Series,Uzbekistan,False,51421,Uzbekistan,Venezuela,5121.0,5211.0,-0.32657141931096184,-0.3333333333333333,5121.0,5211.0,54.0,38.0,4934.792532675832,5066.475214113827,4864.479853479854,4894.051282051282,1.519886517686812,1.2346648391038888,4910.721313694908,5045.57230127797,4885.382766315711,4918.122501032207,83.0,39.0,43.0,34.0
2026-03-30,Cyprus,Moldova,3,2,Friendly,Cyprus,False,51422,Cyprus,Moldova,4796.0,4683.0,-0.023822728806771457,0.015504647854012324,4797.0,4682.0,117.0,142.0,4862.915819069037,4764.143277336129,4596.001334257493,4578.107566167825,2.2505175536143938,1.1532724908240597,4877.291493433207,4779.962662518841,4580.181949074781,4563.731891803655,94.0,137.0,152.0,155.0
2026-03-30,Germany,Ghana,2,1,Friendly,Germany,False,51423,Germany,Ghana,5543.0,5037.0,0.5417084545702201,0.015504647854012324,5532.0,5048.0,8.0,69.0,5289.2560761622435,4988.948717948718,4943.003207134124,4818.627803476158,2.900365702792097,0.0,5272.6719881758845,5006.897435897436,4925.054489185406,4835.211891462517,7.0,55.0,30.0,63.0
2026-03-30,Kenya,Grenada,3,0,FIFA Series,Rwanda,True,51424,Kenya,Grenada,4796.0,4359.0,0.6385309609858502,1.0195941435805678,4811.0,4344.0,113.5,173.0,4866.230943925984,4653.0,4696.37330256233,4372.638542134416,2.49544950539716,0.0,4876.604863971579,4653.0,4696.37330256233,4362.264622088821,96.0,169.0,124.0,177.0
2026-03-30,Dominica,Sint Maarten,0,0,CONCACAF Series,Dominican Republic,True,51425,Dominica,Sint Maarten,4028.0,4059.0,-0.046284462612249805,0.0,4030.0,4057.0,201.0,199.0,4485.0,4497.83669968907,4297.811638780446,4180.50898304926,1.884851670973988,1.5835399951647264,4457.42555756356,4473.11342304136,4322.534915428156,4208.0834254857,195.0,192.0,185.0,200.0
2026-03-31,Singapore,Bangladesh,1,0,Asian Cup qualifier,Singapore,False,51426,Singapore,Bangladesh,4392.0,4233.0,0.044423236671606414,0.015504647854012324,4391.0,4234.0,171.0,180.0,4641.0,4386.0,4378.0,4387.031647597142,2.150475515105242,0.0,4621.117572428956,4386.0,4378.0,4406.914075168186,173.0,200.0,174.0,173.0
2026-03-31,Syria,Afghanistan,5,1,Asian Cup qualifier,Saudi Arabia,True,51427,Syria,Afghanistan,4880.0,4308.0,0.8232810790562238,1.3298213678932875,4900.0,4288.0,89.0,177.0,4908.0,4538.85954145005,4719.239520769757,4474.069601313602,2.2937601783487485,0.0,4941.790346746136,4556.808259398767,4701.2908028210395,4440.2792545674665,74.0,184.0,120.0,169.0
2026-03-31,Taiwan,Sri Lanka,1,3,Asian Cup qualifier,Taiwan,False,51428,Taiwan,Sri Lanka,4138.0,4034.0,-0.03720701762329895,-1.0241469541204973,4099.0,4073.0,194.0,195.0,4590.0,4259.0,4204.0,4335.0,2.1537860691175865,0.0,4570.076643547248,4294.593220338983,4168.406779661017,4354.923356452752,181.0,207.0,204.0,178.0
2026-03-31,Tajikistan,Philippines,1,1,Asian Cup qualifier,Tajikistan,False,51429,Tajikistan,Philippines,4653.0,4487.0,0.05478078434248387,-0.3333333333333333,4637.0,4503.0,149.5,163.0,4746.0,4694.0,4621.0,4451.0,2.2840684066084607,0.0,4724.517371197702,4711.948717948718,4603.051282051282,4472.482628802298,159.0,162.0,144.0,165.0
2026-03-31,Thailand,Turkmenistan,2,1,Asian Cup qualifier,Thailand,False,51430,Thailand,Turkmenistan,4744.0,4551.0,0.0946505496833401,0.015504647854012324,4741.0,4554.0,129.0,160.0,4837.0,4727.0,4512.0,4506.0,2.404524811775296,1.2666537603431844,4828.430920196644,4721.105524431569,4517.894475568431,4514.569079803356,113.0,159.0,159.0,160.0
2026-03-31,Cameroon,China,2,0,FIFA Series,Australia,True,51431,Cameroon,China,5055.0,4840.0,0.31933994286104206,0.6908136207871639,5070.0,4825.0,67.0,107.5,4961.072114203824,4792.880815619606,4905.673772511358,4714.189960898446,1.7155126844684048,0.0,4967.325589289149,4792.880815619606,4905.673772511358,4707.93648581312,67.0,131.0,37.0,117.0
2026-03-31,Australia,Curaçao,5,1,FIFA Series,Australia,False,51432,Australia,Curaçao,5232.0,4863.0,0.35019451143341424,0.9964880345599543,5258.0,4837.0,29.0,104.0,5047.359629250024,4822.534695749009,4955.0,4742.690612951822,2.316123203704347,0.0,5081.004958936619,4840.483413697727,4937.051282051282,4709.045283265227,29.0,106.0,28.0,116.0
2026-03-31,Kazakhstan,Comoros,1,0,FIFA Series,Kazakhstan,False,51433,Kazakhstan,Comoros,4894.0,4867.0,-0.15199433983867225,0.015504647854012324,4901.0,4860.0,89.0,97.0,4851.037191994587,4872.576543906334,4700.0880496112795,4817.539164395434,1.500345831217382,1.163570588249642,4840.737001977539,4852.532609782734,4720.13198373488,4827.839354412483,105.0,101.0,113.0,64.0
2026-03-31,Algeria,Uruguay,0,0,Friendly,Italy,True,51434,Algeria,Uruguay,5226.0,5388.0,-0.241170872333398,0.0,5231.0,5383.0,31.5,18.0,5179.952051253271,5099.948717948718,4866.502992722554,5100.130620219046,1.268687778619609,1.6771400624657933,5158.648430253192,5074.299556513758,4892.152154157514,5121.434241219125,20.0,31.0,39.0,2.0
2026-03-31,Argentina,Zambia,5,0,Friendly,Argentina,False,51435,Argentina,Zambia,5589.0,4842.0,0.8564747922827879,1.284076717076701,5598.0,4833.0,2.0,105.0,5273.012658843714,4898.971071852581,5107.051282051282,4727.502534147765,3.1850016629627054,0.0,5299.958560943956,4898.971071852581,5107.051282051282,4700.556632047523,3.0,86.0,3.0,122.0
2026-03-31,Vietnam,Malaysia,3,1,Asian Cup qualifier,Vietnam,False,51436,Vietnam,Malaysia,4645.0,4600.0,-0.12512881200797255,0.3574802874538306,4664.0,4581.0,146.0,155.5,4724.968352402858,4719.0,4553.0,4499.0,2.06157642073525,1.148214170817534,4742.082057858241,4715.596370407121,4556.403629592879,4481.886294544617,151.0,161.0,157.0,164.0
2026-03-31,Pakistan,Myanmar,1,2,Asian Cup qualifier,Pakistan,False,51437,Pakistan,Myanmar,4063.0,4139.0,-0.3057163118444807,-0.6821713145206783,4048.0,4154.0,200.0,188.0,4373.0,4534.930398686398,4290.0,4198.14045854995,1.904050703329772,1.3417986886691307,4356.364167786278,4547.8791016297755,4277.051297056622,4214.7762907636725,204.0,185.0,189.0,200.0
2026-03-31,India,Hong Kong,2,1,Asian Cup qualifier,India,False,51438,India,Hong Kong,4474.0,4521.0,-0.2624708120695137,0.015504647854012324,4485.0,4510.0,165.0,162.0,4576.0,4608.0,4554.0,4471.0,1.6986617272264246,0.0,4582.589019121642,4625.948717948718,4536.051282051282,4464.410980878358,178.0,173.0,158.0,166.0
2026-03-31,Laos,Nepal,1,0,Asian Cup qualifier,Laos,False,51439,Laos,Nepal,3925.0,4186.0,-0.5790026643189302,0.015504647854012324,3949.0,4162.0,204.0,187.0,4384.0,4430.0,4072.0,4368.0,1.453650961374996,1.6447880370575825,4374.53104581783,4404.666549538672,4097.333450461328,4377.46895418217,202.0,198.0,206.0,175.0
2026-03-31,Bhutan,Brunei,2,1,Asian Cup qualifier,India,True,51440,Bhutan,Brunei,3698.0,3660.0,0.056732632867439244,0.34883798118734566,3710.0,3648.0,209.0,210.0,4319.0,4230.0,3909.0,3934.0,2.134567020876565,1.9348175446121256,4315.895869691934,4212.936025674862,3926.0639743251377,3937.1041303080656,206.0,210.0,213.0,212.0
2026-03-31,Mauritius,Somalia,0,0,African Nations Cup qualifier,Mauritius,False,51441,Mauritius,Somalia,4603.0,4500.0,-0.03869470906603557,-0.3333333333333333,4591.0,4512.0,154.0,162.0,4640.358431506306,4716.795260130788,4715.204739869212,4624.641568493694,1.4529013335667087,0.0,4616.993993501383,4716.795260130788,4715.204739869212,4648.006006498617,174.0,160.0,113.0,135.0
2026-03-31,Eswatini,Eritrea,1,2,African Nations Cup qualifier,Eswatini,False,51443,Eswatini,Eritrea,4637.0,4617.0,-0.1624448166579766,-0.6821713145206783,4616.0,4638.0,152.0,149.0,4825.445728506537,4749.160676099275,4667.839323900725,4646.554271493463,1.9162548811774365,0.0,4808.6392405544975,4777.732104670704,4639.267895329296,4663.3607594455025,123.0,138.0,137.0,132.0
2026-03-31,Burundi,Chad,4,0,African Nations Cup qualifier,Burundi,False,51444,Burundi,Chad,4804.0,4542.0,0.1958457103761463,0.9964880345599543,4836.0,4510.0,105.0,162.5,4815.906696273096,4756.89338954986,4763.10661045014,4594.093303726904,2.048541212564194,0.0,4844.063611771229,4756.89338954986,4763.10661045014,4565.936388228771,104.0,145.0,100.0,154.0
2026-03-31,Luxembourg,Malta,3,0,European Nations League C/D,Luxembourg,False,51445,Luxembourg,Malta,4908.0,4712.0,0.09907205584785012,0.6862608102472345,4931.0,4689.0,84.0,138.0,4804.160676099275,4734.940031914002,4776.059968085998,4586.839323900725,2.034494055755567,0.0,4821.644911558217,4734.940031914002,4776.059968085998,4569.355088441783,119.0,154.0,90.0,153.0
2026-03-31,Latvia,Gibraltar,1,0,European Nations League C/D,Latvia,False,51446,Latvia,Gibraltar,4806.0,4431.0,0.3587381085221684,0.015504647854012324,4792.0,4445.0,121.0,168.0,4766.454673161059,4584.853595079771,4721.146404920229,4417.545326838941,2.4655786815470346,0.0,4742.954808608867,4584.853595079771,4721.146404920229,4441.045191391133,150.0,177.0,111.0,169.0
2026-03-31,Sweden,Poland,3,2,World Cup qualifier,Sweden,False,51447,Sweden,Poland,5244.0,5231.0,-0.172896305976839,0.015504647854012324,5252.0,5223.0,30.0,33.0,5144.356738482627,5062.944155856958,4811.063208830685,4844.051282051282,2.3016300053552476,1.3595525076095702,5157.942306308584,5075.606771123443,4798.4005935642,4830.465714225325,21.0,30.0,82.0,63.0
2026-03-31,Kosovo,Turkey,0,1,World Cup qualifier,Kosovo,False,51448,Kosovo,Turkey,5216.0,5372.0,-0.4245972163104546,-0.6821713145206783,5206.0,5382.0,39.5,19.0,5056.579710144928,5186.203952253768,4868.028524632403,4892.0,1.8731075935054762,1.5346280838413895,5029.109654426136,5175.307877058622,4878.924599827549,4919.470055718792,46.0,17.0,46.0,34.0
2026-03-31,DR Congo,Jamaica,1,0,World Cup qualifier,Mexico,True,51449,DR Congo,Jamaica,5096.0,4917.0,0.2663016456062246,0.34883798118734566,5099.0,4914.0,61.5,86.0,4933.255434059765,4837.315175464297,4955.521704722478,4813.106075861492,1.3705119755023423,0.0,4925.3252266551035,4837.315175464297,4955.521704722478,4821.036283266154,77.0,110.0,22.0,67.0
2026-03-31,Czechia,Denmark,2,2,World Cup qualifier,Czechia,False,51450,Czechia,Denmark,5212.0,5430.0,-0.516055396278579,-0.3333333333333333,5219.0,5423.0,34.5,15.0,5053.232241586329,5216.005362596032,4850.428571428572,4956.0,1.6765338136310302,1.6661697576889356,5060.256553844226,5223.2315047280545,4843.202429296549,4948.975687742103,35.0,13.0,58.0,22.0
2026-03-31,Maldives,East Timor,2,1,Asian Cup qualifier,Maldives,False,51451,Maldives,East Timor,4152.0,3809.0,0.3130255879404811,0.015504647854012324,4140.0,3821.0,190.0,207.0,4521.0,4395.0,4288.0,4031.0,2.97274882724643,0.0,4503.41754863414,4412.948717948718,4270.051282051282,4048.5824513658595,190.0,198.0,190.0,207.0
2026-03-31,Austria,South Korea,1,0,Friendly,Austria,False,51452,Austria,South Korea,5371.0,5175.0,0.09907205584785012,0.015504647854012324,5369.0,5177.0,20.0,46.0,5157.372196523842,5023.7341640537,4956.051282051282,4852.739844701612,2.316001240091989,0.0,5135.522087484398,5023.7341640537,4956.051282051282,4874.589953741056,22.0,49.0,20.0,47.0
2026-03-31,Brazil,Croatia,3,1,Friendly,United States,True,51453,Brazil,Croatia,5492.0,5434.0,0.0865727468228233,0.6908136207871639,5504.0,5422.0,10.0,15.0,5222.321421640628,5195.740500862424,5071.6413280826155,4998.216158805211,1.6507155224533816,1.3806918120110565,5244.548672823113,5187.617693732778,5079.764135212261,4975.988907622726,10.0,15.0,4.0,15.0
2026-03-31,Botswana,Malawi,1,0,Friendly tournament,Botswana,False,51454,Botswana,Malawi,4714.0,4707.0,-0.181855262693551,0.015504647854012324,4722.0,4699.0,133.0,136.0,4796.362092046435,4731.0,4697.431142030014,4747.0,1.5433051245431815,0.0,4785.317076474929,4731.0,4697.431142030014,4758.045015571505,135.0,156.0,123.0,101.0
2026-03-31,Wales,Northern Ireland,1,1,Friendly,Wales,False,51455,Wales,Northern Ireland,5207.0,5115.0,-0.055066081282342146,-0.3333333333333333,5201.0,5121.0,41.0,54.5,4994.235537918357,4973.0,4850.051282051282,4887.574731687301,1.7034112840219293,0.0,4980.5710444702,4990.948717948718,4832.102564102564,4901.239225135459,62.0,58.0,62.0,39.0
2026-03-31,United States,Portugal,0,2,Friendly,United States,False,51456,United States,Portugal,5224.0,5557.0,-0.6832839466284533,-1.0241469541204973,5217.0,5564.0,36.0,5.0,5059.745976244808,5283.001604749857,4803.995174166926,4988.063634222906,1.6047529602395556,2.0024172297970844,5034.809490668738,5282.943306416984,4804.053472499798,5013.000119798976,44.0,6.0,76.0,11.0
2026-03-31,Ukraine,Albania,1,0,Friendly,Spain,True,51457,Ukraine,Albania,5218.0,5146.0,0.10744707472730211,0.34883798118734566,5223.0,5141.0,32.5,50.0,5119.936791169315,4949.948717948718,4879.643261517373,4920.055844143042,1.5831420820953728,1.2452224459236194,5108.2175030138005,4928.920758086064,4900.6712213800265,4931.775132298557,26.0,75.0,40.0,29.0
2026-03-31,Togo,Niger,1,0,Friendly,Morocco,True,51458,Togo,Niger,4814.0,4902.0,-0.1312854723569787,0.34883798118734566,4824.0,4892.0,110.0,91.0,4837.571428571428,4963.612790267791,4731.005750059863,4802.699716644533,1.1597347776681652,1.6747589902049276,4833.917048290373,4937.986712573785,4756.631827753869,4806.354096925588,111.0,73.0,102.0,76.0
2026-03-31,Spain,Egypt,0,0,Friendly,Spain,False,51459,Spain,Egypt,5723.0,5140.0,0.6456400381601272,-0.3333333333333333,5703.0,5160.0,1.0,50.0,5431.528234107646,4957.743915732161,5058.0,4944.0833535119555,2.963151506593319,0.0,5396.151252082147,4957.743915732161,5058.0,4979.460335537455,1.0,69.0,7.0,15.0
2026-03-31,South Africa,Panama,1,2,Friendly,South Africa,False,51460,South Africa,Panama,4997.0,5099.0,-0.34443287818936447,-0.6821713145206783,4990.0,5106.0,73.0,59.0,4919.821968502946,4996.273698594112,4768.629313868874,4853.135404581068,1.5908974801038664,1.2981406948828833,4907.973203581313,5009.913918046437,4754.989094416549,4864.984169502701,84.0,53.0,102.0,50.0
2026-03-31,Slovakia,Romania,2,0,Friendly,Slovakia,False,51461,Slovakia,Romania,5126.0,5161.0,-0.2445627527431206,0.3574802874538306,5138.0,5149.0,52.0,50.0,4977.971475367597,5007.0,4860.420289855072,4796.796047746232,1.9231851603506103,1.1028491949637864,4979.7777814582005,4987.713876569571,4879.706413285501,4794.989741655629,63.0,59.0,46.0,85.0
2026-03-31,Serbia,Saudi Arabia,2,1,Friendly,Serbia,False,51462,Serbia,Saudi Arabia,5219.0,4957.0,0.1958457103761463,0.015504647854012324,5215.0,4961.0,36.0,78.0,5024.0,4796.205549830596,4948.471765892354,4838.6883001662345,1.935767089488631,0.0,5025.516852376833,4814.154267779314,4930.523047943636,4837.171447789401,47.0,122.0,29.0,60.0
2026-03-31,Senegal,Gambia,3,1,Friendly,Senegal,False,51463,Senegal,Gambia,5339.0,4947.0,0.38287332422604364,0.3574802874538306,5338.0,4948.0,22.0,81.0,5160.143659115797,5044.0,4981.2547325729865,4739.0,2.7194342815414565,0.0,5166.318535546779,5061.948717948718,4963.306014624269,4732.825123569019,19.0,35.0,18.0,108.0
2026-03-31,San Marino,Andorra,0,0,Friendly,San Marino,False,51464,San Marino,Andorra,4248.0,4692.0,-0.8406195890756477,-0.3333333333333333,4258.0,4682.0,179.0,141.5,4572.948717948718,4588.0,4257.311197305222,4656.323210564115,1.2021954817539664,1.5688387169283318,4552.434414303979,4563.425671602562,4281.88552570266,4676.8375142088535,184.0,180.0,188.0,127.0
2026-03-31,Russia,Mali,0,0,Friendly,Russia,False,51465,Russia,Mali,5339.0,5115.0,0.14024955694184532,-0.3333333333333333,5330.0,5124.0,22.5,54.0,5178.408823549498,4916.956264366089,4886.051282051282,4946.950839377674,2.078860942841676,0.0,5149.181201474988,4916.956264366089,4886.051282051282,4976.178461452185,21.0,81.0,44.0,15.0
2026-03-31,Norway,Switzerland,0,0,Friendly,Norway,False,51466,Norway,Switzerland,5540.0,5434.0,-0.034231956561766225,-0.3333333333333333,5534.0,5440.0,7.0,12.0,5297.769141422041,5225.996792865876,4930.072862896779,4964.7439238377565,2.411391278026582,1.4747070098910326,5265.988882611099,5202.399900443373,4953.669755319283,4996.524182648698,8.0,14.0,24.0,13.0
2026-03-31,Benin,Guinea,1,0,Friendly,Morocco,True,51467,Benin,Guinea,4872.0,4976.0,-0.15510067468439337,0.34883798118734566,4882.0,4966.0,93.0,77.0,4896.678500556462,4944.994249940137,4802.358376218066,4856.428571428572,1.1725185834509944,1.4289591466724127,4892.748076536696,4921.887739373051,4825.464886785152,4860.358995448337,87.0,79.0,65.0,54.0
2026-03-31,Netherlands,Ecuador,1,1,Friendly,Netherlands,False,51468,Netherlands,Ecuador,5545.0,5416.0,-5.212728285231859e-05,-0.3333333333333333,5538.0,5423.0,6.0,14.5,5325.927137103221,5052.020825064427,4975.230858577959,5130.051282051282,1.9680840491645242,0.0,5308.407899521982,5069.969543013145,4957.282140629241,5147.570519632522,2.0,33.0,21.0,1.0
2026-03-31,Montenegro,Slovenia,2,3,Friendly,Montenegro,False,51469,Montenegro,Slovenia,4909.0,5179.0,-0.5921190175097737,-0.6821713145206783,4907.0,5181.0,87.0,43.0,4889.676789435885,4920.0,4671.0,4998.087480133399,1.1425342146207516,1.3521798210801323,4905.651014726267,4945.363230731737,4645.636769268263,4982.113254843018,86.0,71.0,135.0,13.0
2026-03-31,Liberia,Libya,2,2,Friendly,Morocco,True,51470,Liberia,Libya,4720.0,4884.0,-0.24413000926244083,0.0,4725.0,4879.0,132.0,93.0,4795.070450707327,4820.300283355467,4678.789974510582,4824.387209732209,0.0,1.426005148695888,4823.641879278755,4831.8661150020525,4667.224142863997,4795.815781160781,118.0,114.0,129.0,82.0
2026-03-31,Jordan,Nigeria,2,2,Friendly tournament,Turkey,True,51471,Jordan,Nigeria,5077.0,5206.0,-0.19225556502484026,0.0,5085.0,5198.0,63.5,41.0,4990.682885870195,5074.859542543512,4800.758260112072,4920.654758289583,1.2445418018091265,1.794549378398305,5005.149491971595,5079.490607488509,4796.127195167075,4906.188152188182,56.0,29.0,81.0,37.0
2026-03-31,Ivory Coast,Scotland,1,0,Friendly,England,True,51472,Ivory Coast,Scotland,5161.0,5291.0,-0.19374014616720445,0.34883798118734566,5172.0,5280.0,47.5,27.0,5041.022101969647,5091.591786093659,4922.023614463787,4898.00488741393,1.4299606387807313,1.500534471106909,5031.983783509021,5067.72254619402,4945.8928543634265,4907.043205874556,44.0,34.0,28.0,37.0
2026-03-31,Ireland,North Macedonia,0,0,Friendly,Ireland,False,51473,Ireland,North Macedonia,5179.0,5014.0,0.053301634838922,-0.3333333333333333,5171.0,5022.0,48.0,71.0,4965.571428571428,4913.0,4873.767758413671,4787.994637403968,1.9122713318747084,0.0,4937.755251136753,4913.0,4873.767758413671,4815.810814838644,73.0,82.0,49.0,73.0
2026-03-31,Hungary,Greece,0,0,Friendly,Hungary,False,51474,Hungary,Greece,5179.0,5301.0,-0.37416754192016033,-0.3333333333333333,5180.0,5300.0,44.0,25.0,5006.912519866601,5128.813264572001,4858.0,4915.145587124954,1.6610500375024295,1.4084909469659501,4981.419814969892,5105.929529291775,4880.883735280226,4940.638292021662,61.0,26.0,46.0,29.0
2026-03-31,Honduras,Peru,2,2,Friendly,Spain,True,51475,Honduras,Peru,4950.0,5203.0,-0.37501819527421365,0.0,4958.0,5195.0,79.0,41.5,4875.0,4972.232241586329,4842.0,4982.095767730597,0.0,1.3965716588596302,4903.571428571428,4984.288998501778,4829.943243084551,4953.524339159168,87.0,60.0,63.0,24.0
2026-03-31,Haiti,Iceland,1,1,Friendly tournament,Canada,True,51476,Haiti,Iceland,4977.0,5108.0,-0.19522459401437064,0.0,4985.0,5100.0,75.0,61.0,5014.367496644589,5131.571428571428,4803.585684033184,4751.735579842246,1.7610330140497774,1.956153272416467,4999.816327403819,5114.214564271475,4820.942548333138,4766.286749083016,55.0,24.0,68.0,97.0
2026-03-31,Equatorial Guinea,Madagascar,1,1,Friendly,Turkey,True,51477,Equatorial Guinea,Madagascar,4826.0,4837.0,-0.01642511013551473,0.0,4826.0,4837.0,107.0,103.0,4805.033077555567,4931.507441228593,4774.946372844071,4727.3776226520295,1.2633278626493878,1.4657528520461705,4799.206002024414,4921.820841803025,4784.632972269639,4733.204698183182,128.0,80.0,88.0,108.0
2026-03-31,England,Japan,0,1,Friendly,England,False,51478,England,Japan,5576.0,5429.0,0.02664911675051721,-0.6821713145206783,5562.0,5443.0,5.0,12.0,5230.869379780954,5235.99511258607,5058.051282051282,4948.408213906341,2.2428254820550615,1.1765591322948599,5200.341845006214,5231.977917164436,5062.068477472916,4978.935748681081,14.0,11.0,5.0,15.0
2026-03-31,Costa Rica,Iran,0,5,Friendly tournament,Turkey,True,51479,Costa Rica,Iran,5085.0,5120.0,-0.0522550604354283,-1.6174100504100342,5022.0,5183.0,70.5,43.0,5035.774522262105,5029.807153012259,4815.930703336368,4864.787330477976,1.5043531677725863,1.622013639077601,5011.865285710728,5067.471944184221,4778.2659121644065,4888.696567029353,50.0,35.0,90.0,44.0
2026-03-31,Burkina Faso,Guinea-Bissau,1,1,Friendly,Burkina Faso,False,51480,Burkina Faso,Guinea-Bissau,5049.0,4724.0,0.2871593506230282,-0.3333333333333333,5037.0,4736.0,69.0,131.0,5063.58150048647,4700.0,4820.3515379910805,4710.926227240067,2.4784435414294266,0.0,5039.945007993004,4717.948717948718,4802.402820042363,4734.562719733533,41.0,160.0,78.0,108.0
2026-03-31,Morocco,Paraguay,2,1,Friendly,France,True,51481,Morocco,Paraguay,5284.0,5330.0,-0.06867102377497593,0.34883798118734566,5292.0,5322.0,26.0,23.0,5042.370158741954,5069.854412875046,4946.826565087122,5029.186735427999,1.1088793621258637,1.3779270449756027,5058.823986148029,5061.783796053711,4954.897181908457,5012.732908021924,38.0,36.0,24.0,11.0
2026-03-31,Bosnia and Herzegovina,Italy,1,1,World Cup qualifier,Bosnia and Herzegovina,False,51482,Bosnia and Herzegovina,Italy,5082.0,5392.0,-0.6501401286573217,-0.3333333333333333,5095.0,5379.0,63.0,19.0,5009.948717948718,5174.425268312699,4782.764462081643,4911.0,1.6814112855396925,1.740812926105391,4996.630283905589,5160.18204684544,4797.007683548902,4924.318434043129,55.0,18.0,81.0,34.0
2026-03-31,Iraq,Bolivia,2,1,World Cup qualifier,Mexico,True,51483,Iraq,Bolivia,4942.0,5077.0,-0.20116103227242096,0.34883798118734566,4964.0,5055.0,78.0,66.0,4833.096952501904,4994.207226120716,4811.841051436157,4812.124200745487,1.127015498096537,1.535146799085501,4849.293391979038,4983.302226093946,4822.7460514629265,4795.927761268353,102.0,61.0,66.0,82.0
2026-03-31,Belgium,Mexico,1,1,Friendly,United States,True,51484,Belgium,Mexico,5465.0,5301.0,0.24413000926244083,0.0,5460.0,5306.0,11.0,24.0,5272.004825833074,5014.195938196374,4960.254023755192,5020.845474029894,1.7278169876430332,1.205373630309787,5257.961342022136,5009.566493938406,4964.88346801316,5034.8889578408325,8.0,51.0,18.0,8.0
2026-03-31,Canada,Tunisia,0,0,Friendly tournament,Canada,False,51485,Canada,Tunisia,5265.0,5105.0,0.04590338152218372,-0.3333333333333333,5250.0,5120.0,30.0,58.0,5024.0544416738285,4977.40623124516,4962.428571428572,4866.860779141253,1.8510283301138346,0.0,4996.78203365919,4977.40623124516,4962.428571428572,4894.133187155891,54.0,65.0,20.0,42.0
2026-03-27,Nigeria,Iran,2,1,Al-Nashama Tournament,Turkey,True,51486,Nigeria,Iran,5198.0,5183.0,0.02239760879544276,0.34883798118734566,5211.0,5170.0,37.5,49.0,5079.490607488509,5067.471944184221,4906.188152188182,4888.696567029353,1.5581511309541063,1.478335444537452,5088.745789887599,5057.560707817281,4916.0993885551225,4879.441384630263,27.0,38.0,37.0,49.0
2026-03-27,Costa Rica,Jordan,2,2,Al-Nashama Tournament,Turkey,True,51487,Costa Rica,Jordan,5022.0,5085.0,-0.09402935685757709,0.0,5026.0,5081.0,70.0,64.0,5011.865285710728,5005.149491971595,4778.2659121644065,4796.127195167075,1.627219017213241,1.6585540148320326,5019.838525879355,5012.523120614837,4770.892283521164,4788.153954998448,48.0,49.0,95.0,87.0
2026-03-28,Botswana,Zimbabwe,0,3,Mukuru Tournament,Botswana,False,51488,Botswana,Zimbabwe,4722.0,4866.0,-0.40681751979316966,-1.3529274769139015,4684.0,4904.0,138.5,88.0,4785.317076474929,4871.973021678425,4697.431142030014,4817.893817567543,1.3278129456066952,1.1684511804151867,4763.332445795123,4899.069522688888,4670.33464101955,4839.878448247349,141.0,88.0,128.0,59.0
2026-03-31,Botswana,Malawi,1,0,Mukuru Tournament,Botswana,False,51489,Botswana,Malawi,4684.0,4699.0,-0.2147053011031342,0.015504647854012324,4693.0,4690.0,135.0,136.0,4763.332445795123,4731.0,4670.33464101955,4758.045015571505,1.4254205682095213,0.0,4754.3773560060745,4731.0,4670.33464101955,4767.000105360554,144.0,156.0,128.0,96.0
2026-03-31,Jordan,Nigeria,2,2,Al-Nashama Tournament,Turkey,True,51490,Jordan,Nigeria,5081.0,5211.0,-0.19374014616720445,0.0,5089.0,5203.0,64.0,39.0,5012.523120614837,5088.745789887599,4788.153954998448,4916.0993885551225,1.3101407862569414,1.873143943670444,5025.9749420058115,5091.679501890355,4785.220242995692,4902.647567164148,46.0,27.0,87.0,39.0
2026-03-31,Costa Rica,Iran,0,5,Al-Nashama Tournament,Turkey,True,51491,Costa Rica,Iran,5026.0,5170.0,-0.21450982748547734,-1.6174100504100342,4970.0,5226.0,76.0,32.0,5019.838525879355,5057.560707817281,4770.892283521164,4879.441384630263,1.4230866317338629,1.8316289984261838,4996.79571579775,5094.108567210295,4734.3444241281495,4902.484194711868,53.0,27.0,108.0,40.0
2026-05-16,Ireland,Grenada,5,0,Friendly,Spain,True,51492,Ireland,Grenada,5171.0,4344.0,1.1458886914929551,1.6174100504100342,5180.0,4335.0,45.5,174.0,4937.755251136753,4653.0,4873.767758413671,4362.264622088821,2.7858507765457956,0.0,4968.061454352527,4653.0,4873.767758413671,4331.958418873047,67.0,169.0,52.0,183.0
2026-05-22,Mexico,Ghana,2,0,Friendly,Mexico,False,51493,Mexico,Ghana,5306.0,5048.0,0.19001042305120291,0.3574802874538306,5309.0,5045.0,24.0,67.0,5009.566493938406,5006.897435897436,5034.8889578408325,4835.211891462517,1.9025249980027352,0.0,5011.842826563453,5006.897435897436,5034.8889578408325,4832.93555883747,49.0,51.0,8.0,61.0
2026-05-26,Nigeria,Zimbabwe,2,0,Unity Cup,England,True,51494,Nigeria,Zimbabwe,5203.0,4904.0,0.441923053763413,0.6908136207871639,5213.0,4894.0,38.0,91.0,5091.679501890355,4899.069522688888,4902.647567164148,4839.878448247349,1.7296666997964587,0.0,5097.648379362333,4899.069522688888,4902.647567164148,4833.909570775371,27.0,88.0,39.0,60.0
2026-05-26,Morocco,Burundi,5,0,Friendly,Morocco,False,51495,Morocco,Burundi,5292.0,4836.0,0.47272356548152916,1.284076717076701,5308.0,4820.0,25.0,111.5,5058.823986148029,4844.063611771229,4954.897181908457,4763.10661045014,2.286439140965693,0.0,5092.661556435826,4844.063611771229,4954.897181908457,4729.269040162342,29.0,105.0,24.0,111.0
2026-05-27,Jamaica,India,2,0,Unity Cup,England,True,51496,Jamaica,India,4914.0,4485.0,0.6273279288460919,0.6908136207871639,4917.0,4482.0,86.0,165.0,4837.315175464297,4582.589019121642,4821.036283266154,4536.051282051282,1.8751593255350674,0.0,4840.204202739788,4582.589019121642,4821.036283266154,4533.162254775791,109.0,177.0,69.0,158.0
2026-05-28,Ireland,Qatar,1,0,Friendly,Ireland,False,51497,Ireland,Qatar,5180.0,4856.0,0.28571924999356485,0.015504647854012324,5175.0,4861.0,47.0,97.0,4968.061454352527,4849.0,4873.767758413671,4587.0,2.5770674854665407,0.0,4943.403634397608,4849.0,4873.767758413671,4611.657819954919,71.0,103.0,52.0,143.0
2026-05-28,Egypt,Russia,1,0,Friendly,Egypt,False,51498,Egypt,Russia,5160.0,5330.0,-0.44531106327873365,0.015504647854012324,5169.0,5321.0,50.0,23.0,4957.743915732161,5149.181201474988,4979.460335537455,4886.051282051282,1.6047815642547576,1.1570081792336817,4945.664786484963,5129.218073729542,4999.4234632829,4898.130411298481,69.0,22.0,12.0,43.0
2026-05-29,South Africa,Nicaragua,0,0,Friendly,South Africa,False,51499,South Africa,Nicaragua,4990.0,4719.0,0.2089596688175165,-0.3333333333333333,4979.0,4730.0,75.0,133.0,4907.973203581313,4784.948717948718,4754.989094416549,4666.591176450502,2.1102869097957453,0.0,4878.489845373445,4784.948717948718,4754.989094416549,4696.07453465837,95.0,135.0,101.0,124.0
2026-05-29,Iraq,Andorra,1,0,Friendly,Spain,True,51500,Iraq,Andorra,4964.0,4682.0,0.41726568186653135,0.34883798118734566,4963.0,4683.0,78.0,140.5,4849.293391979038,4563.425671602562,4822.7460514629265,4676.8375142088535,1.5083105253908335,0.0,4838.853692746152,4563.425671602562,4822.7460514629265,4687.277213441739,110.0,180.0,67.0,126.0
2026-05-29,Iran,Gambia,3,1,Friendly,Turkey,True,51501,Iran,Gambia,5226.0,4948.0,0.41145197933407296,0.6908136207871639,5232.0,4942.0,31.0,82.0,5094.108567210295,5061.948717948718,4902.484194711868,4732.825123569019,2.059424893197863,1.4734821906401212,5111.2519000823795,5052.123928170142,4912.308984490444,4715.6817906969345,25.0,38.0,37.0,113.0
2026-05-29,Bosnia and Herzegovina,North Macedonia,0,0,Friendly,Bosnia and Herzegovina,False,51502,Bosnia and Herzegovina,North Macedonia,5095.0,5022.0,-0.0833701174767157,-0.3333333333333333,5090.0,5027.0,63.0,70.0,4996.630283905589,4913.0,4797.007683548902,4815.810814838644,1.9221042650050728,0.0,4968.728087860847,4913.0,4797.007683548902,4843.713010883385,65.0,82.0,80.0,57.0
2026-05-30,Scotland,Curaçao,4,1,Friendly,Scotland,False,51503,Scotland,Curaçao,5280.0,4837.0,0.4546081798719157,0.6862608102472345,5285.0,4832.0,27.0,105.0,5067.72254619402,4840.483413697727,4907.043205874556,4709.045283265227,2.4991939476236,0.0,5091.594632901776,4858.432131646445,4889.094487925839,4685.173196557471,30.0,99.0,46.0,126.0
2026-05-30,Zimbabwe,India,1,0,Unity Cup,England,True,51504,Zimbabwe,India,4894.0,4482.0,0.6034353747928773,0.34883798118734566,4884.0,4492.0,92.0,165.0,4899.069522688888,4582.589019121642,4833.909570775371,4533.162254775791,2.0739712319235393,0.0,4880.151925694041,4582.589019121642,4833.909570775371,4552.079851770638,93.0,177.0,61.0,158.0
2026-05-30,Nigeria,Jamaica,3,0,Unity Cup,England,True,51505,Nigeria,Jamaica,5213.0,4917.0,0.4375778525981838,1.0195941435805678,5236.0,4894.0,31.0,90.0,5097.648379362333,4840.204202739788,4902.647567164148,4821.036283266154,1.80192789514223,0.0,5118.112891746249,4840.204202739788,4902.647567164148,4800.571770882238,23.0,108.0,39.0,77.0
2026-05-30,Ecuador,Saudi Arabia,2,1,Friendly,United States,True,51506,Ecuador,Saudi Arabia,5423.0,4961.0,0.6733678747102755,0.34883798118734566,5417.0,4967.0,16.0,77.0,5069.969543013145,4814.154267779314,5147.570519632522,4837.171447789401,1.675301260025421,0.0,5077.017926019118,4832.102985728032,5129.621801683804,4830.123064783428,32.0,114.0,1.0,64.0
2026-05-30,South Korea,Trinidad and Tobago,5,0,Friendly,United States,True,51507,South Korea,Trinidad and Tobago,5177.0,4741.0,0.6371320224667105,1.6174100504100342,5197.0,4721.0,42.0,134.0,5023.7341640537,4884.157028211783,4874.589953741056,4600.589683021072,2.258186846853519,1.1005082934486226,5057.752823571556,4864.900580058042,4893.846401894797,4566.571023503216,38.0,98.0,44.0,153.0
2026-05-30,Mexico,Australia,1,0,Friendly,United States,True,51508,Mexico,Australia,5309.0,5258.0,0.07613100822161994,0.34883798118734566,5314.0,5253.0,24.0,28.0,5011.842826563453,5081.004958936619,5034.8889578408325,4937.051282051282,1.2562579060035544,1.1865402557777665,5006.159497141567,5060.680231243796,5055.213685533656,4942.734611473168,51.0,36.0,8.0,29.0
2026-05-31,United States,Senegal,3,2,Friendly,United States,False,51509,United States,Senegal,5217.0,5338.0,-0.3726819307910707,0.015504647854012324,5225.0,5330.0,34.0,21.0,5034.809490668738,5166.318535546779,4804.053472499798,4963.306014624269,1.6042558708328298,1.6568074137628148,5057.5534172397665,5173.725891230357,4796.64611681622,4940.562088053241,39.0,17.0,80.0,30.0
2026-05-31,Switzerland,Jordan,4,1,Friendly,Switzerland,False,51510,Switzerland,Jordan,5440.0,5089.0,0.324487069690219,0.6862608102472345,5447.0,5082.0,12.0,64.0,5202.399900443373,5025.9749420058115,4996.524182648698,4785.220242995692,2.705187623565365,0.0,5224.0067944392995,5043.923659954529,4978.57546469998,4763.613348999766,12.0,42.0,15.0,97.0
2026-05-31,Singapore,Mongolia,4,0,Friendly,Singapore,False,51511,Singapore,Mongolia,4391.0,3985.0,0.40266762651602084,0.9964880345599543,4403.0,3973.0,171.0,203.0,4621.117572428956,4274.0,4378.0,4266.0,2.4869178236115514,0.0,4645.117975800975,4274.0,4378.0,4241.999596627981,170.0,208.0,174.0,195.0
2026-05-31,Poland,Ukraine,0,2,Friendly,Poland,False,51512,Poland,Ukraine,5223.0,5223.0,-0.19230769230769232,-1.0241469541204973,5206.0,5240.0,39.5,31.0,5075.606771123443,5108.2175030138005,4830.465714225325,4900.6712213800265,1.9042804191106195,1.4266386504420743,5047.8607576294135,5119.772676930319,4818.910540308807,4928.417234874056,40.0,23.0,70.0,33.0
2026-05-31,Japan,Iceland,1,0,Friendly,Japan,False,51513,Japan,Iceland,5443.0,5100.0,0.3130255879404811,0.015504647854012324,5437.0,5106.0,13.0,59.5,5231.977917164436,5114.214564271475,4978.935748681081,4766.286749083016,2.8820578049931456,0.0,5204.428261404951,5114.214564271475,4978.935748681081,4793.836404842501,13.0,26.0,14.0,86.0
2026-05-31,Germany,Finland,4,0,Friendly,Germany,False,51514,Germany,Finland,5532.0,5039.0,0.5238806783152251,0.9964880345599543,5541.0,5030.0,6.0,69.0,5272.6719881758845,4986.500846210422,4925.054489185406,4774.616899619593,3.0031041478239455,0.0,5290.579243668319,4986.500846210422,4925.054489185406,4756.709644127159,4.0,57.0,34.0,99.0
2026-05-31,Czechia,Kosovo,2,1,Friendly,Czechia,False,51515,Czechia,Kosovo,5219.0,5206.0,-0.172896305976839,0.015504647854012324,5223.0,5202.0,36.0,40.0,5060.256553844226,5029.109654426136,4843.202429296549,4878.924599827549,1.9236605589238638,1.1956458479140992,5062.051967633924,5024.685631127988,4847.626452594697,4877.1291860378515,34.0,48.0,57.0,51.0
2026-05-31,Cape Verde,Serbia,3,0,Friendly,Portugal,True,51516,Cape Verde,Serbia,4989.0,5215.0,-0.335491965081441,1.0195941435805678,5016.0,5188.0,71.5,44.0,4946.3067240719165,5025.516852376833,4841.998729090428,4930.523047943636,1.1149175876140052,1.5382812190726962,4973.883212310751,5001.255279028945,4866.260302438317,4902.946559704801,65.0,51.0,53.0,39.0
2026-05-31,Brazil,Panama,6,2,Friendly,Brazil,False,51517,Brazil,Panama,5504.0,5106.0,0.39136579141983285,0.9964880345599543,5516.0,5094.0,9.0,62.0,5244.548672823113,5009.913918046437,5079.764135212261,4864.984169502701,2.5718231513607797,0.0,5282.469923310344,5038.485346617866,5051.1927066408325,4827.06291901547,7.0,46.0,8.0,65.0
