date,team,points,points_off,points_def
2025-12-31,Afghanistan,,,
2026-01-31,Afghanistan,,,
2026-02-28,Afghanistan,,,
2026-03-31,Afghanistan,4289.0,4556.808259398767,4439.900797917372
2026-04-30,Afghanistan,4289.0,4556.808259398767,4439.900797917372
2026-05-28,Afghanistan,4289.0,4556.808259398767,4439.900797917372
2025-12-31,Albania,,,
2026-01-31,Albania,,,
2026-02-28,Albania,,,
2026-03-31,Albania,5141.0,4928.920758086064,4931.775132298557
2026-04-30,Albania,5141.0,4928.920758086064,4931.775132298557
2026-05-28,Albania,5141.0,4928.920758086064,4931.775132298557
2025-12-31,Algeria,5231.0,5175.718860312106,4830.051282051282
2026-01-31,Algeria,5203.0,5134.1054618560265,4844.310310969879
2026-02-28,Algeria,5203.0,5134.1054618560265,4844.310310969879
2026-03-31,Algeria,5241.0,5156.99795240932,4892.013215468425
2026-04-30,Algeria,5241.0,5156.99795240932,4892.013215468425
2026-05-28,Algeria,5241.0,5156.99795240932,4892.013215468425
2025-12-31,Andorra,,,
2026-01-31,Andorra,,,
2026-02-28,Andorra,,,
2026-03-31,Andorra,4682.0,4563.425671602562,4676.8375142088535
2026-04-30,Andorra,4682.0,4563.425671602562,4676.8375142088535
2026-05-28,Andorra,4682.0,4563.425671602562,4676.8375142088535
2025-12-31,Angola,,,
2026-01-31,Angola,,,
2026-02-28,Angola,,,
2026-03-31,Angola,,,
2026-04-30,Angola,,,
2026-05-28,Angola,5013.0,4965.0,4819.0
2025-12-31,Anguilla,,,
2026-01-31,Anguilla,,,
2026-02-28,Anguilla,,,
2026-03-31,Anguilla,3585.0,4202.284697330683,4027.2958867310126
2026-04-30,Anguilla,3585.0,4202.284697330683,4027.2958867310126
2026-05-28,Anguilla,3585.0,4202.284697330683,4027.2958867310126
2025-12-31,Antigua and Barbuda,,,
2026-01-31,Antigua and Barbuda,,,
2026-02-28,Antigua and Barbuda,,,
2026-03-31,Antigua and Barbuda,,,
2026-04-30,Antigua and Barbuda,,,
2026-05-28,Antigua and Barbuda,4058.0,4381.0,4290.0
2025-12-31,Argentina,,,
2026-01-31,Argentina,,,
2026-02-28,Argentina,,,
2026-03-31,Argentina,5598.0,5299.833713379647,5107.051282051282
2026-04-30,Argentina,5598.0,5299.833713379647,5107.051282051282
2026-05-28,Argentina,5598.0,5299.833713379647,5107.051282051282
2025-12-31,Armenia,,,
2026-01-31,Armenia,,,
2026-02-28,Armenia,,,
2026-03-31,Armenia,4789.0,4907.3619677994775,4578.705250567842
2026-04-30,Armenia,4789.0,4907.3619677994775,4578.705250567842
2026-05-28,Armenia,4789.0,4907.3619677994775,4578.705250567842
2025-12-31,Aruba,,,
2026-01-31,Aruba,,,
2026-02-28,Aruba,,,
2026-03-31,Aruba,4261.0,4632.099712325872,4364.093875369486
2026-04-30,Aruba,4261.0,4632.099712325872,4364.093875369486
2026-05-28,Aruba,4261.0,4632.099712325872,4364.093875369486
2025-12-31,Australia,,,
2026-01-31,Australia,,,
2026-02-28,Australia,,,
2026-03-31,Australia,5257.0,5080.897165455934,4937.051282051282
2026-04-30,Australia,5257.0,5080.897165455934,4937.051282051282
2026-05-28,Australia,5257.0,5080.897165455934,4937.051282051282
2025-12-31,Austria,,,
2026-01-31,Austria,,,
2026-02-28,Austria,,,
2026-03-31,Austria,5369.0,5135.520508394272,4956.051282051282
2026-04-30,Austria,5369.0,5135.520508394272,4956.051282051282
2026-05-28,Austria,5369.0,5135.520508394272,4956.051282051282
2025-12-31,Azerbaijan,,,
2026-01-31,Azerbaijan,,,
2026-02-28,Azerbaijan,,,
2026-03-31,Azerbaijan,4810.0,4833.087590300036,4636.943187933642
2026-04-30,Azerbaijan,4810.0,4833.087590300036,4636.943187933642
2026-05-28,Azerbaijan,4810.0,4833.087590300036,4636.943187933642
2025-12-31,Bahamas,,,
2026-01-31,Bahamas,,,
2026-02-28,Bahamas,,,
2026-03-31,Bahamas,3554.0,4348.856904566857,3837.957327256401
2026-04-30,Bahamas,3554.0,4348.856904566857,3837.957327256401
2026-05-28,Bahamas,3554.0,4348.856904566857,3837.957327256401
2025-12-31,Bahrain,,,
2026-01-31,Bahrain,,,
2026-02-28,Bahrain,,,
2026-03-31,Bahrain,,,
2026-04-30,Bahrain,,,
2026-05-28,Bahrain,4788.0,4801.0,4700.0
2025-12-31,Bangladesh,,,
2026-01-31,Bangladesh,,,
2026-02-28,Bangladesh,,,
2026-03-31,Bangladesh,4234.0,4386.0,4406.914075168186
2026-04-30,Bangladesh,4234.0,4386.0,4406.914075168186
2026-05-28,Bangladesh,4234.0,4386.0,4406.914075168186
2025-12-31,Barbados,,,
2026-01-31,Barbados,,,
2026-02-28,Barbados,,,
2026-03-31,Barbados,4059.0,4573.938273240851,4205.180554101467
2026-04-30,Barbados,4059.0,4573.938273240851,4205.180554101467
2026-05-28,Barbados,4059.0,4573.938273240851,4205.180554101467
2025-12-31,Belarus,,,
2026-01-31,Belarus,,,
2026-02-28,Belarus,,,
2026-03-31,Belarus,4981.0,4923.293415174665,4848.722213131486
2026-04-30,Belarus,4981.0,4923.293415174665,4848.722213131486
2026-05-28,Belarus,4981.0,4923.293415174665,4848.722213131486
2025-12-31,Belgium,,,
2026-01-31,Belgium,,,
2026-02-28,Belgium,,,
2026-03-31,Belgium,5460.0,5257.961298071513,4964.881712991812
2026-04-30,Belgium,5460.0,5257.961298071513,4964.881712991812
2026-05-28,Belgium,5460.0,5257.961298071513,4964.881712991812
2025-12-31,Belize,,,
2026-01-31,Belize,,,
2026-02-28,Belize,,,
2026-03-31,Belize,4330.0,4595.132186865849,4425.563159267495
2026-04-30,Belize,4330.0,4595.132186865849,4425.563159267495
2026-05-28,Belize,4330.0,4595.132186865849,4425.563159267495
2025-12-31,Benin,,,
2026-01-31,Benin,4884.0,4907.316763237895,4799.784597787068
2026-02-28,Benin,4884.0,4907.316763237895,4799.784597787068
2026-03-31,Benin,4895.0,4888.415071467792,4842.10347183136
2026-04-30,Benin,4895.0,4888.415071467792,4842.10347183136
2026-05-28,Benin,4895.0,4888.415071467792,4842.10347183136
2025-12-31,Bermuda,,,
2026-01-31,Bermuda,,,
2026-02-28,Bermuda,,,
2026-03-31,Bermuda,4378.0,4775.0,4337.528788397234
2026-04-30,Bermuda,4378.0,4775.0,4337.528788397234
2026-05-28,Bermuda,4378.0,4775.0,4337.528788397234
2025-12-31,Bhutan,,,
2026-01-31,Bhutan,,,
2026-02-28,Bhutan,,,
2026-03-31,Bhutan,3710.0,4315.895869691934,3926.0639743251377
2026-04-30,Bhutan,3710.0,4315.895869691934,3926.0639743251377
2026-05-28,Bhutan,3710.0,4315.895869691934,3926.0639743251377
2025-12-31,Bolivia,,,
2026-01-31,Bolivia,5068.0,4975.690480553352,4805.390271860163
2026-02-28,Bolivia,5068.0,4975.690480553352,4805.390271860163
2026-03-31,Bolivia,5056.0,4983.544010833705,4795.900901530678
2026-04-30,Bolivia,5056.0,4983.544010833705,4795.900901530678
2026-05-28,Bolivia,5056.0,4983.544010833705,4795.900901530678
2025-12-31,Bonaire,,,
2026-01-31,Bonaire,,,
2026-02-28,Bonaire,,,
2026-03-31,Bonaire,3998.0,4429.1949787717895,4220.4073799710495
2026-04-30,Bonaire,3998.0,4429.1949787717895,4220.4073799710495
2026-05-28,Bonaire,3998.0,4429.1949787717895,4220.4073799710495
2025-12-31,Bosnia and Herzegovina,,,
2026-01-31,Bosnia and Herzegovina,,,
2026-02-28,Bosnia and Herzegovina,,,
2026-03-31,Bosnia and Herzegovina,5095.0,4996.630283905589,4797.007683548902
2026-04-30,Bosnia and Herzegovina,5095.0,4996.630283905589,4797.007683548902
2026-05-28,Bosnia and Herzegovina,5095.0,4996.630283905589,4797.007683548902
2025-12-31,Botswana,,,
2026-01-31,Botswana,,,
2026-02-28,Botswana,,,
2026-03-31,Botswana,4717.0,4776.567329203083,4682.98403320066
2026-04-30,Botswana,4717.0,4776.567329203083,4682.98403320066
2026-05-28,Botswana,4717.0,4776.567329203083,4682.98403320066
2025-12-31,Brazil,,,
2026-01-31,Brazil,,,
2026-02-28,Brazil,,,
2026-03-31,Brazil,5504.0,5244.548672823113,5079.764135212261
2026-04-30,Brazil,5504.0,5244.548672823113,5079.764135212261
2026-05-28,Brazil,5504.0,5244.548672823113,5079.764135212261
2025-12-31,British Virgin Islands,,,
2026-01-31,British Virgin Islands,,,
2026-02-28,British Virgin Islands,,,
2026-03-31,British Virgin Islands,3936.0,4372.828374471045,4224.320741908027
2026-04-30,British Virgin Islands,3936.0,4372.828374471045,4224.320741908027
2026-05-28,British Virgin Islands,3936.0,4372.828374471045,4224.320741908027
2025-12-31,Brunei,,,
2026-01-31,Brunei,,,
2026-02-28,Brunei,,,
2026-03-31,Brunei,3648.0,4212.936025674862,3937.1041303080656
2026-04-30,Brunei,3648.0,4212.936025674862,3937.1041303080656
2026-05-28,Brunei,3648.0,4212.936025674862,3937.1041303080656
2025-12-31,Bulgaria,,,
2026-01-31,Bulgaria,,,
2026-02-28,Bulgaria,,,
2026-03-31,Bulgaria,4949.0,4924.793668544161,4704.980087935442
2026-04-30,Bulgaria,4949.0,4924.793668544161,4704.980087935442
2026-05-28,Bulgaria,4949.0,4924.793668544161,4704.980087935442
2025-12-31,Burkina Faso,5065.0,5049.981678418962,4845.0
2026-01-31,Burkina Faso,5027.0,5026.757605435732,4819.896109055185
2026-02-28,Burkina Faso,5027.0,5026.757605435732,4819.896109055185
2026-03-31,Burkina Faso,5036.0,5037.348166642587,4801.947391106467
2026-04-30,Burkina Faso,5036.0,5037.348166642587,4801.947391106467
2026-05-28,Burkina Faso,5036.0,5037.348166642587,4801.947391106467
2025-12-31,Burundi,,,
2026-01-31,Burundi,,,
2026-02-28,Burundi,,,
2026-03-31,Burundi,4836.0,4844.063611771229,4763.10661045014
2026-04-30,Burundi,4836.0,4844.063611771229,4763.10661045014
2026-05-28,Burundi,4819.0,4844.063611771229,4729.096631546717
2025-12-31,Cambodia,,,
2026-01-31,Cambodia,,,
2026-02-28,Cambodia,,,
2026-03-31,Cambodia,,,
2026-04-30,Cambodia,,,
2026-05-28,Cambodia,4170.0,4537.0,4259.0
2025-12-31,Cameroon,5049.0,4950.189121427473,4884.886854273602
2026-01-31,Cameroon,5051.0,4959.868226393952,4886.43158496962
2026-02-28,Cameroon,5051.0,4959.868226393952,4886.43158496962
2026-03-31,Cameroon,5069.0,4966.190797722708,4903.182135198751
2026-04-30,Cameroon,5069.0,4966.190797722708,4903.182135198751
2026-05-28,Cameroon,5069.0,4966.190797722708,4903.182135198751
2025-12-31,Canada,,,
2026-01-31,Canada,5282.0,5029.515308341075,4991.0
2026-02-28,Canada,5282.0,5029.515308341075,4991.0
2026-03-31,Canada,5250.0,4996.557384365342,4962.428571428572
2026-04-30,Canada,5250.0,4996.557384365342,4962.428571428572
2026-05-28,Canada,5250.0,4996.557384365342,4962.428571428572
2025-12-31,Cape Verde,,,
2026-01-31,Cape Verde,,,
2026-02-28,Cape Verde,,,
2026-03-31,Cape Verde,4989.0,4946.3067240719165,4841.998729090428
2026-04-30,Cape Verde,4989.0,4946.3067240719165,4841.998729090428
2026-05-28,Cape Verde,4989.0,4946.3067240719165,4841.998729090428
2025-12-31,Cayman Islands,,,
2026-01-31,Cayman Islands,,,
2026-02-28,Cayman Islands,,,
2026-03-31,Cayman Islands,3880.0,4268.437233504889,4157.018834231085
2026-04-30,Cayman Islands,3880.0,4268.437233504889,4157.018834231085
2026-05-28,Cayman Islands,3880.0,4268.437233504889,4157.018834231085
2025-12-31,Central African Republic,,,
2026-01-31,Central African Republic,,,
2026-02-28,Central African Republic,,,
2026-03-31,Central African Republic,,,
2026-04-30,Central African Republic,,,
2026-05-28,Central African Republic,4677.0,4881.0,4621.0
2025-12-31,Chad,,,
2026-01-31,Chad,,,
2026-02-28,Chad,,,
2026-03-31,Chad,4510.0,4756.89338954986,4565.936388228771
2026-04-30,Chad,4510.0,4756.89338954986,4565.936388228771
2026-05-28,Chad,4510.0,4756.89338954986,4565.936388228771
2025-12-31,Chile,,,
2026-01-31,Chile,,,
2026-02-28,Chile,,,
2026-03-31,Chile,5195.0,5076.496583547009,4889.858032822423
2026-04-30,Chile,5195.0,5076.496583547009,4889.858032822423
2026-05-28,Chile,5195.0,5076.496583547009,4889.858032822423
2025-12-31,China,,,
2026-01-31,China,4807.0,4776.571428571428,4690.724656647455
2026-02-28,China,4807.0,4776.571428571428,4690.724656647455
2026-03-31,China,4825.0,4792.880815619606,4707.867389569689
2026-04-30,China,4825.0,4792.880815619606,4707.867389569689
2026-05-28,China,4825.0,4792.880815619606,4707.867389569689
2025-12-31,Colombia,,,
2026-01-31,Colombia,,,
2026-02-28,Colombia,,,
2026-03-31,Colombia,5510.0,5254.137186675728,5033.411881908778
2026-04-30,Colombia,5510.0,5254.137186675728,5033.411881908778
2026-05-28,Colombia,5510.0,5254.137186675728,5033.411881908778
2025-12-31,Comoros,,,
2026-01-31,Comoros,,,
2026-02-28,Comoros,,,
2026-03-31,Comoros,4837.0,4852.471033512256,4777.375717788945
2026-04-30,Comoros,4837.0,4852.471033512256,4777.375717788945
2026-05-28,Comoros,4837.0,4852.471033512256,4777.375717788945
2025-12-31,Congo,,,
2026-01-31,Congo,,,
2026-02-28,Congo,,,
2026-03-31,Congo,,,
2026-04-30,Congo,,,
2026-05-28,Congo,4658.0,4791.0,4599.0
2025-12-31,Cook Islands,,,
2026-01-31,Cook Islands,,,
2026-02-28,Cook Islands,,,
2026-03-31,Cook Islands,,,
2026-04-30,Cook Islands,,,
2026-05-28,Cook Islands,2905.0,3494.0,3385.0
2025-12-31,Costa Rica,,,
2026-01-31,Costa Rica,,,
2026-02-28,Costa Rica,,,
2026-03-31,Costa Rica,4974.0,4998.88309923557,4738.152334252965
2026-04-30,Costa Rica,4974.0,4998.88309923557,4738.152334252965
2026-05-28,Costa Rica,4974.0,4998.88309923557,4738.152334252965
2025-12-31,Croatia,,,
2026-01-31,Croatia,,,
2026-02-28,Croatia,,,
2026-03-31,Croatia,5422.0,5187.617693732778,4975.988907622726
2026-04-30,Croatia,5422.0,5187.617693732778,4975.988907622726
2026-05-28,Croatia,5422.0,5187.617693732778,4975.988907622726
2025-12-31,Cuba,,,
2026-01-31,Cuba,,,
2026-02-28,Cuba,,,
2026-03-31,Cuba,4615.0,4745.38189052305,4627.811888947336
2026-04-30,Cuba,4615.0,4745.38189052305,4627.811888947336
2026-05-28,Cuba,4615.0,4745.38189052305,4627.811888947336
2025-12-31,Curaçao,,,
2026-01-31,Curaçao,,,
2026-02-28,Curaçao,,,
2026-03-31,Curaçao,4837.0,4840.483413697727,4709.042897266758
2026-04-30,Curaçao,4837.0,4840.483413697727,4709.042897266758
2026-05-28,Curaçao,4837.0,4840.483413697727,4709.042897266758
2025-12-31,Cyprus,,,
2026-01-31,Cyprus,,,
2026-02-28,Cyprus,,,
2026-03-31,Cyprus,4797.0,4877.291493433207,4580.181949074781
2026-04-30,Cyprus,4797.0,4877.291493433207,4580.181949074781
2026-05-28,Cyprus,4797.0,4877.291493433207,4580.181949074781
2025-12-31,Czechia,,,
2026-01-31,Czechia,,,
2026-02-28,Czechia,,,
2026-03-31,Czechia,5219.0,5060.256553844226,4843.202429296549
2026-04-30,Czechia,5219.0,5060.256553844226,4843.202429296549
2026-05-28,Czechia,5219.0,5060.256553844226,4843.202429296549
2025-12-31,DR Congo,,,
2026-01-31,DR Congo,5083.0,4926.569671519704,4955.263059380532
2026-02-28,DR Congo,5083.0,4926.569671519704,4955.263059380532
2026-03-31,DR Congo,5081.0,4903.252653771353,4955.263059380532
2026-04-30,DR Congo,5081.0,4903.252653771353,4955.263059380532
2026-05-28,DR Congo,5081.0,4903.252653771353,4955.263059380532
2025-12-31,Denmark,,,
2026-01-31,Denmark,,,
2026-02-28,Denmark,,,
2026-03-31,Denmark,5423.0,5223.231504728055,4948.975687742103
2026-04-30,Denmark,5423.0,5223.231504728055,4948.975687742103
2026-05-28,Denmark,5423.0,5223.231504728055,4948.975687742103
2025-12-31,Djibouti,,,
2026-01-31,Djibouti,,,
2026-02-28,Djibouti,,,
2026-03-31,Djibouti,4315.0,4753.948717948718,4343.782974761046
2026-04-30,Djibouti,4315.0,4753.948717948718,4343.782974761046
2026-05-28,Djibouti,4315.0,4753.948717948718,4343.782974761046
2025-12-31,Dominica,,,
2026-01-31,Dominica,,,
2026-02-28,Dominica,,,
2026-03-31,Dominica,4030.0,4457.42555756356,4322.534915428156
2026-04-30,Dominica,4030.0,4457.42555756356,4322.534915428156
2026-05-28,Dominica,4030.0,4457.42555756356,4322.534915428156
2025-12-31,Dominican Republic,,,
2026-01-31,Dominican Republic,,,
2026-02-28,Dominican Republic,,,
2026-03-31,Dominican Republic,4734.0,4815.290381208991,4602.868458587553
2026-04-30,Dominican Republic,4734.0,4815.290381208991,4602.868458587553
2026-05-28,Dominican Republic,4734.0,4815.290381208991,4602.868458587553
2025-12-31,East Timor,,,
2026-01-31,East Timor,,,
2026-02-28,East Timor,,,
2026-03-31,East Timor,3821.0,4412.948717948718,4048.58245136586
2026-04-30,East Timor,3821.0,4412.948717948718,4048.58245136586
2026-05-28,East Timor,3821.0,4412.948717948718,4048.58245136586
2025-12-31,Eastern Samoa,,,
2026-01-31,Eastern Samoa,,,
2026-02-28,Eastern Samoa,,,
2026-03-31,Eastern Samoa,2339.0,3464.5714285714284,2897.3284741513608
2026-04-30,Eastern Samoa,2339.0,3464.5714285714284,2897.3284741513608
2026-05-28,Eastern Samoa,2339.0,3464.5714285714284,2897.3284741513608
2025-12-31,Ecuador,,,
2026-01-31,Ecuador,,,
2026-02-28,Ecuador,,,
2026-03-31,Ecuador,5422.0,5069.118470012367,5147.570519632522
2026-04-30,Ecuador,5422.0,5069.118470012367,5147.570519632522
2026-05-28,Ecuador,5422.0,5069.118470012367,5147.570519632522
2025-12-31,Egypt,,,
2026-01-31,Egypt,5072.0,4902.7391941803,4890.250627772154
2026-02-28,Egypt,5072.0,4902.7391941803,4890.250627772154
2026-03-31,Egypt,5121.0,4943.318904325228,4948.122689681469
2026-04-30,Egypt,5121.0,4943.318904325228,4948.122689681469
2026-05-28,Egypt,5121.0,4943.318904325228,4948.122689681469
2025-12-31,El Salvador,,,
2026-01-31,El Salvador,,,
2026-02-28,El Salvador,,,
2026-03-31,El Salvador,4673.0,4711.695874131029,4711.843607298323
2026-04-30,El Salvador,4673.0,4711.695874131029,4711.843607298323
2026-05-28,El Salvador,4673.0,4711.695874131029,4711.843607298323
2025-12-31,England,,,
2026-01-31,England,,,
2026-02-28,England,,,
2026-03-31,England,5562.0,5200.341845006214,5062.068477472916
2026-04-30,England,5562.0,5200.341845006214,5062.068477472916
2026-05-28,England,5562.0,5200.341845006214,5062.068477472916
2025-12-31,Equatorial Guinea,4823.0,4816.948717948718,4751.281139687894
2026-01-31,Equatorial Guinea,4823.0,4816.948717948718,4751.281139687894
2026-02-28,Equatorial Guinea,4823.0,4816.948717948718,4751.281139687894
2026-03-31,Equatorial Guinea,4826.0,4798.345618797169,4782.325786853679
2026-04-30,Equatorial Guinea,4826.0,4798.345618797169,4782.325786853679
2026-05-28,Equatorial Guinea,4826.0,4798.345618797169,4782.325786853679
2025-12-31,Eritrea,,,
2026-01-31,Eritrea,,,
2026-02-28,Eritrea,,,
2026-03-31,Eritrea,4638.0,4777.732104670704,4663.360759445503
2026-04-30,Eritrea,4638.0,4777.732104670704,4663.360759445503
2026-05-28,Eritrea,4638.0,4777.732104670704,4663.360759445503
2025-12-31,Estonia,,,
2026-01-31,Estonia,,,
2026-02-28,Estonia,,,
2026-03-31,Estonia,4814.0,4827.62669743767,4644.418588273414
2026-04-30,Estonia,4814.0,4827.62669743767,4644.418588273414
2026-05-28,Estonia,4814.0,4827.62669743767,4644.418588273414
2025-12-31,Eswatini,,,
2026-01-31,Eswatini,,,
2026-02-28,Eswatini,,,
2026-03-31,Eswatini,4616.0,4808.6392405544975,4639.267895329296
2026-04-30,Eswatini,4616.0,4808.6392405544975,4639.267895329296
2026-05-28,Eswatini,4616.0,4808.6392405544975,4639.267895329296
2025-12-31,Ethiopia,,,
2026-01-31,Ethiopia,,,
2026-02-28,Ethiopia,,,
2026-03-31,Ethiopia,,,
2026-04-30,Ethiopia,,,
2026-05-28,Ethiopia,4741.0,4858.0,4673.0
2025-12-31,Faroe Islands,,,
2026-01-31,Faroe Islands,,,
2026-02-28,Faroe Islands,,,
2026-03-31,Faroe Islands,4926.0,4812.688802694778,4795.051282051282
2026-04-30,Faroe Islands,4926.0,4812.688802694778,4795.051282051282
2026-05-28,Faroe Islands,4926.0,4812.688802694778,4795.051282051282
2025-12-31,Fiji,,,
2026-01-31,Fiji,,,
2026-02-28,Fiji,,,
2026-03-31,Fiji,,,
2026-04-30,Fiji,,,
2026-05-28,Fiji,4178.0,4472.0,4321.0
2025-12-31,Finland,,,
2026-01-31,Finland,,,
2026-02-28,Finland,,,
2026-03-31,Finland,5039.0,4986.500846210422,4774.616899619593
2026-04-30,Finland,5039.0,4986.500846210422,4774.616899619593
2026-05-28,Finland,5039.0,4986.500846210422,4774.616899619593
2025-12-31,France,,,
2026-01-31,France,,,
2026-02-28,France,,,
2026-03-31,France,5569.0,5283.206289146183,5059.325232878433
2026-04-30,France,5569.0,5283.206289146183,5059.325232878433
2026-05-28,France,5569.0,5283.206289146183,5059.325232878433
2025-12-31,French Guiana,,,
2026-01-31,French Guiana,,,
2026-02-28,French Guiana,,,
2026-03-31,French Guiana,,,
2026-04-30,French Guiana,,,
2026-05-28,French Guiana,4576.0,4751.0,4560.0
2025-12-31,Gabon,4883.0,4967.790022489648,4699.769414271926
2026-01-31,Gabon,4883.0,4967.790022489648,4699.769414271926
2026-02-28,Gabon,4883.0,4967.790022489648,4699.769414271926
2026-03-31,Gabon,4867.0,4982.382544813894,4673.130746181444
2026-04-30,Gabon,4867.0,4982.382544813894,4673.130746181444
2026-05-28,Gabon,4867.0,4982.382544813894,4673.130746181444
2025-12-31,Gambia,,,
2026-01-31,Gambia,,,
2026-02-28,Gambia,,,
2026-03-31,Gambia,4947.0,5061.948717948718,4731.426337753157
2026-04-30,Gambia,4947.0,5061.948717948718,4731.426337753157
2026-05-28,Gambia,4947.0,5061.948717948718,4731.426337753157
2025-12-31,Georgia,,,
2026-01-31,Georgia,,,
2026-02-28,Georgia,,,
2026-03-31,Georgia,5172.0,5042.901264759193,4817.812400948583
2026-04-30,Georgia,5172.0,5042.901264759193,4817.812400948583
2026-05-28,Georgia,5172.0,5042.901264759193,4817.812400948583
2025-12-31,Germany,,,
2026-01-31,Germany,,,
2026-02-28,Germany,,,
2026-03-31,Germany,5532.0,5272.6719881758845,4925.054489185406
2026-04-30,Germany,5532.0,5272.6719881758845,4925.054489185406
2026-05-28,Germany,5532.0,5272.6719881758845,4925.054489185406
2025-12-31,Ghana,,,
2026-01-31,Ghana,,,
2026-02-28,Ghana,,,
2026-03-31,Ghana,5048.0,5006.897435897436,4835.211891462517
2026-04-30,Ghana,5048.0,5006.897435897436,4835.211891462517
2026-05-28,Ghana,5045.0,5006.897435897436,4832.933323263791
2025-12-31,Gibraltar,,,
2026-01-31,Gibraltar,,,
2026-02-28,Gibraltar,,,
2026-03-31,Gibraltar,4445.0,4584.853595079771,4441.045191391133
2026-04-30,Gibraltar,4445.0,4584.853595079771,4441.045191391133
2026-05-28,Gibraltar,4445.0,4584.853595079771,4441.045191391133
2025-12-31,Greece,,,
2026-01-31,Greece,,,
2026-02-28,Greece,,,
2026-03-31,Greece,5300.0,5105.929529291775,4940.638292021662
2026-04-30,Greece,5300.0,5105.929529291775,4940.638292021662
2026-05-28,Greece,5300.0,5105.929529291775,4940.638292021662
2025-12-31,Grenada,,,
2026-01-31,Grenada,4382.0,4653.0,4396.021968521226
2026-02-28,Grenada,4382.0,4653.0,4396.021968521226
2026-03-31,Grenada,4344.0,4653.0,4362.264622088821
2026-04-30,Grenada,4344.0,4653.0,4362.264622088821
2026-05-28,Grenada,4335.0,4653.0,4331.958418873047
2025-12-31,Guadeloupe,,,
2026-01-31,Guadeloupe,,,
2026-02-28,Guadeloupe,,,
2026-03-31,Guadeloupe,,,
2026-04-30,Guadeloupe,,,
2026-05-28,Guadeloupe,4685.0,4823.0,4626.0
2025-12-31,Guam,,,
2026-01-31,Guam,,,
2026-02-28,Guam,,,
2026-03-31,Guam,3752.0,4172.078600478143,3990.142072645609
2026-04-30,Guam,3752.0,4172.078600478143,3990.142072645609
2026-05-28,Guam,3752.0,4172.078600478143,3990.142072645609
2025-12-31,Guatemala,,,
2026-01-31,Guatemala,4934.0,4950.0,4776.484691658925
2026-02-28,Guatemala,4934.0,4950.0,4776.484691658925
2026-03-31,Guatemala,4900.0,4927.950188464087,4732.337772937863
2026-04-30,Guatemala,4900.0,4927.950188464087,4732.337772937863
2026-05-28,Guatemala,4900.0,4927.950188464087,4732.337772937863
2025-12-31,Guinea,,,
2026-01-31,Guinea,,,
2026-02-28,Guinea,,,
2026-03-31,Guinea,4956.0,4931.58639580777,4832.68116438044
2026-04-30,Guinea,4956.0,4931.58639580777,4832.68116438044
2026-05-28,Guinea,4956.0,4931.58639580777,4832.68116438044
2025-12-31,Guinea-Bissau,,,
2026-01-31,Guinea-Bissau,,,
2026-02-28,Guinea-Bissau,,,
2026-03-31,Guinea-Bissau,4736.0,4717.948717948718,4734.4094387931455
2026-04-30,Guinea-Bissau,4736.0,4717.948717948718,4734.4094387931455
2026-05-28,Guinea-Bissau,4736.0,4717.948717948718,4734.4094387931455
2025-12-31,Guyana,,,
2026-01-31,Guyana,,,
2026-02-28,Guyana,,,
2026-03-31,Guyana,4619.0,4888.78850226299,4501.358830084891
2026-04-30,Guyana,4619.0,4888.78850226299,4501.358830084891
2026-05-28,Guyana,4619.0,4888.78850226299,4501.358830084891
2025-12-31,Haiti,,,
2026-01-31,Haiti,,,
2026-02-28,Haiti,,,
2026-03-31,Haiti,4985.0,4999.5861972250295,4821.598284603043
2026-04-30,Haiti,4985.0,4999.5861972250295,4821.598284603043
2026-05-28,Haiti,4985.0,4999.5861972250295,4821.598284603043
2025-12-31,Honduras,,,
2026-01-31,Honduras,,,
2026-02-28,Honduras,,,
2026-03-31,Honduras,4957.0,4903.571428571428,4829.124468492943
2026-04-30,Honduras,4957.0,4903.571428571428,4829.124468492943
2026-05-28,Honduras,4957.0,4903.571428571428,4829.124468492943
2025-12-31,Hong Kong,,,
2026-01-31,Hong Kong,,,
2026-02-28,Hong Kong,,,
2026-03-31,Hong Kong,4510.0,4625.948717948718,4464.410980878358
2026-04-30,Hong Kong,4510.0,4625.948717948718,4464.410980878358
2026-05-28,Hong Kong,4510.0,4625.948717948718,4464.410980878358
2025-12-31,Hungary,,,
2026-01-31,Hungary,,,
2026-02-28,Hungary,,,
2026-03-31,Hungary,5180.0,4981.419814969892,4880.883735280226
2026-04-30,Hungary,5180.0,4981.419814969892,4880.883735280226
2026-05-28,Hungary,5180.0,4981.419814969892,4880.883735280226
2025-12-31,Iceland,,,
2026-01-31,Iceland,,,
2026-02-28,Iceland,5091.0,5103.0,4746.2736944304925
2026-03-31,Iceland,5100.0,5114.2431830144005,4766.27523594213
2026-04-30,Iceland,5100.0,5114.2431830144005,4766.27523594213
2026-05-28,Iceland,5100.0,5114.2431830144005,4766.27523594213
2025-12-31,India,,,
2026-01-31,India,,,
2026-02-28,India,,,
2026-03-31,India,4485.0,4582.589019121642,4536.051282051282
2026-04-30,India,4485.0,4582.589019121642,4536.051282051282
2026-05-28,India,4482.0,4582.589019121642,4533.162254775791
2025-12-31,Indonesia,,,
2026-01-31,Indonesia,,,
2026-02-28,Indonesia,,,
2026-03-31,Indonesia,4684.0,4747.777086030907,4602.232036368249
2026-04-30,Indonesia,4684.0,4747.777086030907,4602.232036368249
2026-05-28,Indonesia,4684.0,4747.777086030907,4602.232036368249
2025-12-31,Iran,,,
2026-01-31,Iran,,,
2026-02-28,Iran,,,
2026-03-31,Iran,5225.0,5093.660630994851,4899.467540829318
2026-04-30,Iran,5225.0,5093.660630994851,4899.467540829318
2026-05-28,Iran,5225.0,5093.660630994851,4899.467540829318
2025-12-31,Iraq,,,
2026-01-31,Iraq,,,
2026-02-28,Iraq,,,
2026-03-31,Iraq,4978.0,4866.564524289281,4827.663188941185
2026-04-30,Iraq,4978.0,4866.564524289281,4827.663188941185
2026-05-28,Iraq,4978.0,4866.564524289281,4827.663188941185
2025-12-31,Ireland,,,
2026-01-31,Ireland,,,
2026-02-28,Ireland,,,
2026-03-31,Ireland,5171.0,4937.755251136753,4873.767758413671
2026-04-30,Ireland,5171.0,4937.755251136753,4873.767758413671
2026-05-28,Ireland,5180.0,4968.061454352527,4873.767758413671
2025-12-31,Israel,,,
2026-01-31,Israel,,,
2026-02-28,Israel,,,
2026-03-31,Israel,5126.0,5116.545992706753,4772.562626904567
2026-04-30,Israel,5126.0,5116.545992706753,4772.562626904567
2026-05-28,Israel,5126.0,5116.545992706753,4772.562626904567
2025-12-31,Italy,,,
2026-01-31,Italy,,,
2026-02-28,Italy,,,
2026-03-31,Italy,5379.0,5160.18204684544,4924.318434043129
2026-04-30,Italy,5379.0,5160.18204684544,4924.318434043129
2026-05-28,Italy,5379.0,5160.18204684544,4924.318434043129
2025-12-31,Ivory Coast,5111.0,4968.230585728074,4903.209977510352
2026-01-31,Ivory Coast,5129.0,5005.330193915088,4890.840830154598
2026-02-28,Ivory Coast,5129.0,5005.330193915088,4890.840830154598
2026-03-31,Ivory Coast,5169.0,5029.708626678827,4938.416992156938
2026-04-30,Ivory Coast,5169.0,5029.708626678827,4938.416992156938
2026-05-28,Ivory Coast,5169.0,5029.708626678827,4938.416992156938
2025-12-31,Jamaica,,,
2026-01-31,Jamaica,4920.0,4839.978031478774,4792.0
2026-02-28,Jamaica,4930.0,4856.372957881421,4813.106075861492
2026-03-31,Jamaica,4913.0,4837.315175464297,4819.894305212609
2026-04-30,Jamaica,4913.0,4837.315175464297,4819.894305212609
2026-05-28,Jamaica,4916.0,4840.204202739788,4819.894305212609
2025-12-31,Japan,,,
2026-01-31,Japan,,,
2026-02-28,Japan,,,
2026-03-31,Japan,5443.0,5231.977917164436,4978.935748681081
2026-04-30,Japan,5443.0,5231.977917164436,4978.935748681081
2026-05-28,Japan,5443.0,5231.977917164436,4978.935748681081
2025-12-31,Jordan,,,
2026-01-31,Jordan,,,
2026-02-28,Jordan,,,
2026-03-31,Jordan,5124.0,5059.044234567544,4801.795541031644
2026-04-30,Jordan,5124.0,5059.044234567544,4801.795541031644
2026-05-28,Jordan,5124.0,5059.044234567544,4801.795541031644
2025-12-31,Kazakhstan,,,
2026-01-31,Kazakhstan,,,
2026-02-28,Kazakhstan,,,
2026-03-31,Kazakhstan,4899.0,4838.285598457897,4720.130132256311
2026-04-30,Kazakhstan,4899.0,4838.285598457897,4720.130132256311
2026-05-28,Kazakhstan,4899.0,4838.285598457897,4720.130132256311
2025-12-31,Kenya,,,
2026-01-31,Kenya,,,
2026-02-28,Kenya,,,
2026-03-31,Kenya,4811.0,4876.604863971579,4696.37330256233
2026-04-30,Kenya,4811.0,4876.604863971579,4696.37330256233
2026-05-28,Kenya,4811.0,4876.604863971579,4696.37330256233
2025-12-31,Kiribati,,,
2026-01-31,Kiribati,,,
2026-02-28,Kiribati,,,
2026-03-31,Kiribati,,,
2026-04-30,Kiribati,,,
2026-05-28,Kiribati,2060.0,3138.0,2338.0
2025-12-31,Kosovo,,,
2026-01-31,Kosovo,,,
2026-02-28,Kosovo,,,
2026-03-31,Kosovo,5206.0,5029.109654426136,4878.924599827549
2026-04-30,Kosovo,5206.0,5029.109654426136,4878.924599827549
2026-05-28,Kosovo,5206.0,5029.109654426136,4878.924599827549
2025-12-31,Kuwait,,,
2026-01-31,Kuwait,,,
2026-02-28,Kuwait,,,
2026-03-31,Kuwait,,,
2026-04-30,Kuwait,,,
2026-05-28,Kuwait,4737.0,4810.0,4593.0
2025-12-31,Kyrgyzstan,,,
2026-01-31,Kyrgyzstan,,,
2026-02-28,Kyrgyzstan,,,
2026-03-31,Kyrgyzstan,4683.0,4822.382280101565,4569.314586492666
2026-04-30,Kyrgyzstan,4683.0,4822.382280101565,4569.314586492666
2026-05-28,Kyrgyzstan,4683.0,4822.382280101565,4569.314586492666
2025-12-31,Laos,,,
2026-01-31,Laos,,,
2026-02-28,Laos,,,
2026-03-31,Laos,3949.0,4374.53104581783,4097.333450461328
2026-04-30,Laos,3949.0,4374.53104581783,4097.333450461328
2026-05-28,Laos,3949.0,4374.53104581783,4097.333450461328
2025-12-31,Latvia,,,
2026-01-31,Latvia,,,
2026-02-28,Latvia,,,
2026-03-31,Latvia,4792.0,4742.954808608867,4721.146404920229
2026-04-30,Latvia,4792.0,4742.954808608867,4721.146404920229
2026-05-28,Latvia,4792.0,4742.954808608867,4721.146404920229
2025-12-31,Lebanon,,,
2026-01-31,Lebanon,,,
2026-02-28,Lebanon,,,
2026-03-31,Lebanon,,,
2026-04-30,Lebanon,,,
2026-05-28,Lebanon,4680.0,4759.0,4799.0
2025-12-31,Lesotho,,,
2026-01-31,Lesotho,,,
2026-02-28,Lesotho,,,
2026-03-31,Lesotho,4579.0,4735.524582254376,4692.051282051282
2026-04-30,Lesotho,4579.0,4735.524582254376,4692.051282051282
2026-05-28,Lesotho,4579.0,4735.524582254376,4692.051282051282
2025-12-31,Liberia,,,
2026-01-31,Liberia,,,
2026-02-28,Liberia,,,
2026-03-31,Liberia,4726.0,4824.149506246537,4667.089483973599
2026-04-30,Liberia,4726.0,4824.149506246537,4667.089483973599
2026-05-28,Liberia,4726.0,4824.149506246537,4667.089483973599
2025-12-31,Libya,,,
2026-01-31,Libya,,,
2026-02-28,Libya,,,
2026-03-31,Libya,4879.0,4831.859898200102,4795.815781160781
2026-04-30,Libya,4879.0,4831.859898200102,4795.815781160781
2026-05-28,Libya,4879.0,4831.859898200102,4795.815781160781
2025-12-31,Liechtenstein,,,
2026-01-31,Liechtenstein,,,
2026-02-28,Liechtenstein,,,
2026-03-31,Liechtenstein,4335.0,4546.906124630514,4345.191070138826
2026-04-30,Liechtenstein,4335.0,4546.906124630514,4345.191070138826
2026-05-28,Liechtenstein,4335.0,4546.906124630514,4345.191070138826
2025-12-31,Lithuania,,,
2026-01-31,Lithuania,,,
2026-02-28,Lithuania,,,
2026-03-31,Lithuania,4822.0,4753.534040176839,4701.392831000111
2026-04-30,Lithuania,4822.0,4753.534040176839,4701.392831000111
2026-05-28,Lithuania,4822.0,4753.534040176839,4701.392831000111
2025-12-31,Luxembourg,,,
2026-01-31,Luxembourg,,,
2026-02-28,Luxembourg,,,
2026-03-31,Luxembourg,4931.0,4821.644911558217,4776.059968085998
2026-04-30,Luxembourg,4931.0,4821.644911558217,4776.059968085998
2026-05-28,Luxembourg,4931.0,4821.644911558217,4776.059968085998
2025-12-31,Macao,,,
2026-01-31,Macao,,,
2026-02-28,Macao,,,
2026-03-31,Macao,3634.0,4173.948717948718,3997.2575387753914
2026-04-30,Macao,3634.0,4173.948717948718,3997.2575387753914
2026-05-28,Macao,3634.0,4173.948717948718,3997.2575387753914
2025-12-31,Madagascar,,,
2026-01-31,Madagascar,,,
2026-02-28,Madagascar,,,
2026-03-31,Madagascar,4837.0,4921.704851836658,4733.156733554874
2026-04-30,Madagascar,4837.0,4921.704851836658,4733.156733554874
2026-05-28,Madagascar,4837.0,4921.704851836658,4733.156733554874
2025-12-31,Malawi,,,
2026-01-31,Malawi,,,
2026-02-28,Malawi,,,
2026-03-31,Malawi,4693.0,4731.0,4769.219412510029
2026-04-30,Malawi,4693.0,4731.0,4769.219412510029
2026-05-28,Malawi,4693.0,4731.0,4769.219412510029
2025-12-31,Malaysia,,,
2026-01-31,Malaysia,,,
2026-02-28,Malaysia,,,
2026-03-31,Malaysia,4581.0,4715.596370407121,4481.886294544617
2026-04-30,Malaysia,4581.0,4715.596370407121,4481.886294544617
2026-05-28,Malaysia,4581.0,4715.596370407121,4481.886294544617
2025-12-31,Maldives,,,
2026-01-31,Maldives,,,
2026-02-28,Maldives,,,
2026-03-31,Maldives,4140.0,4503.41754863414,4270.051282051282
2026-04-30,Maldives,4140.0,4503.41754863414,4270.051282051282
2026-05-28,Maldives,4140.0,4503.41754863414,4270.051282051282
2025-12-31,Mali,,,
2026-01-31,Mali,5110.0,4913.407006991881,4945.318099035366
2026-02-28,Mali,5110.0,4913.407006991881,4945.318099035366
2026-03-31,Mali,5120.0,4913.407006991881,4974.587887700268
2026-04-30,Mali,5120.0,4913.407006991881,4974.587887700268
2026-05-28,Mali,5120.0,4913.407006991881,4974.587887700268
2025-12-31,Malta,,,
2026-01-31,Malta,,,
2026-02-28,Malta,,,
2026-03-31,Malta,4689.0,4734.940031914002,4569.355088441783
2026-04-30,Malta,4689.0,4734.940031914002,4569.355088441783
2026-05-28,Malta,4689.0,4734.940031914002,4569.355088441783
2025-12-31,Martinique,,,
2026-01-31,Martinique,,,
2026-02-28,Martinique,4672.0,4707.893924138508,4672.605073597353
2026-03-31,Martinique,4653.0,4701.948046683858,4662.658850355721
2026-04-30,Martinique,4653.0,4701.948046683858,4662.658850355721
2026-05-28,Martinique,4653.0,4701.948046683858,4662.658850355721
2025-12-31,Mauritania,,,
2026-01-31,Mauritania,,,
2026-02-28,Mauritania,,,
2026-03-31,Mauritania,4794.0,4766.948717948718,4810.987341156286
2026-04-30,Mauritania,4794.0,4766.948717948718,4810.987341156286
2026-05-28,Mauritania,4794.0,4766.948717948718,4810.987341156286
2025-12-31,Mauritius,,,
2026-01-31,Mauritius,,,
2026-02-28,Mauritius,,,
2026-03-31,Mauritius,4591.0,4616.993993501383,4715.204739869212
2026-04-30,Mauritius,4591.0,4616.993993501383,4715.204739869212
2026-05-28,Mauritius,4591.0,4616.993993501383,4715.204739869212
2025-12-31,Mexico,,,
2026-01-31,Mexico,5277.0,5011.497771707684,4996.846061353812
2026-02-28,Mexico,5296.0,5039.224077277191,4996.846061353812
2026-03-31,Mexico,5306.0,5009.533738949592,5034.888013004205
2026-04-30,Mexico,5306.0,5009.533738949592,5034.888013004205
2026-05-28,Mexico,5309.0,5011.812307148318,5034.888013004205
2025-12-31,Moldova,,,
2026-01-31,Moldova,,,
2026-02-28,Moldova,,,
2026-03-31,Moldova,4682.0,4779.962662518841,4563.731891803655
2026-04-30,Moldova,4682.0,4779.962662518841,4563.731891803655
2026-05-28,Moldova,4682.0,4779.962662518841,4563.731891803655
2025-12-31,Mongolia,,,
2026-01-31,Mongolia,,,
2026-02-28,Mongolia,,,
2026-03-31,Mongolia,,,
2026-04-30,Mongolia,,,
2026-05-28,Mongolia,3985.0,4274.0,4266.0
2025-12-31,Montenegro,,,
2026-01-31,Montenegro,,,
2026-02-28,Montenegro,,,
2026-03-31,Montenegro,4907.0,4905.651014726267,4645.636769268263
2026-04-30,Montenegro,4907.0,4905.651014726267,4645.636769268263
2026-05-28,Montenegro,4907.0,4905.651014726267,4645.636769268263
2025-12-31,Montserrat,,,
2026-01-31,Montserrat,,,
2026-02-28,Montserrat,,,
2026-03-31,Montserrat,,,
2026-04-30,Montserrat,,,
2026-05-28,Montserrat,4211.0,4633.0,4346.0
2025-12-31,Morocco,,,
2026-01-31,Morocco,5262.0,5004.145060208206,4921.303436549936
2026-02-28,Morocco,5262.0,5004.145060208206,4921.303436549936
2026-03-31,Morocco,5276.0,5050.665206728352,4939.013308265651
2026-04-30,Morocco,5276.0,5050.665206728352,4939.013308265651
2026-05-28,Morocco,5293.0,5084.675185631775,4939.013308265651
2025-12-31,Mozambique,4829.0,4899.113145726398,4689.810878572527
2026-01-31,Mozambique,4792.0,4877.454360079213,4661.343603626132
2026-02-28,Mozambique,4792.0,4877.454360079213,4661.343603626132
2026-03-31,Mozambique,4792.0,4877.454360079213,4661.343603626132
2026-04-30,Mozambique,4792.0,4877.454360079213,4661.343603626132
2026-05-28,Mozambique,4792.0,4877.454360079213,4661.343603626132
2025-12-31,Myanmar,,,
2026-01-31,Myanmar,,,
2026-02-28,Myanmar,,,
2026-03-31,Myanmar,4154.0,4547.879101629776,4214.7762907636725
2026-04-30,Myanmar,4154.0,4547.879101629776,4214.7762907636725
2026-05-28,Myanmar,4154.0,4547.879101629776,4214.7762907636725
2025-12-31,Namibia,,,
2026-01-31,Namibia,,,
2026-02-28,Namibia,,,
2026-03-31,Namibia,4755.0,4812.287826136466,4763.4496918481245
2026-04-30,Namibia,4755.0,4812.287826136466,4763.4496918481245
2026-05-28,Namibia,4755.0,4812.287826136466,4763.4496918481245
2025-12-31,Nepal,,,
2026-01-31,Nepal,,,
2026-02-28,Nepal,,,
2026-03-31,Nepal,4162.0,4404.666549538672,4377.46895418217
2026-04-30,Nepal,4162.0,4404.666549538672,4377.46895418217
2026-05-28,Nepal,4162.0,4404.666549538672,4377.46895418217
2025-12-31,Netherlands,,,
2026-01-31,Netherlands,,,
2026-02-28,Netherlands,,,
2026-03-31,Netherlands,5538.0,5308.407899521982,4957.282140629241
2026-04-30,Netherlands,5538.0,5308.407899521982,4957.282140629241
2026-05-28,Netherlands,5538.0,5308.407899521982,4957.282140629241
2025-12-31,New Caledonia,,,
2026-01-31,New Caledonia,,,
2026-02-28,New Caledonia,,,
2026-03-31,New Caledonia,4472.0,4670.0,4506.057782417124
2026-04-30,New Caledonia,4472.0,4670.0,4506.057782417124
2026-05-28,New Caledonia,4472.0,4670.0,4506.057782417124
2025-12-31,New Zealand,,,
2026-01-31,New Zealand,,,
2026-02-28,New Zealand,,,
2026-03-31,New Zealand,5105.0,5039.218343486068,4861.00384115214
2026-04-30,New Zealand,5105.0,5039.218343486068,4861.00384115214
2026-05-28,New Zealand,5105.0,5039.218343486068,4861.00384115214
2025-12-31,Nicaragua,,,
2026-01-31,Nicaragua,,,
2026-02-28,Nicaragua,,,
2026-03-31,Nicaragua,4719.0,4784.948717948718,4666.591176450502
2026-04-30,Nicaragua,4719.0,4784.948717948718,4666.591176450502
2026-05-28,Nicaragua,4719.0,4784.948717948718,4666.591176450502
2025-12-31,Niger,,,
2026-01-31,Niger,,,
2026-02-28,Niger,,,
2026-03-31,Niger,4892.0,4938.000778413386,4806.354096925588
2026-04-30,Niger,4892.0,4938.000778413386,4806.354096925588
2026-05-28,Niger,4892.0,4938.000778413386,4806.354096925588
2025-12-31,Nigeria,,,
2026-01-31,Nigeria,5183.0,5028.098068169403,4905.516108114524
2026-02-28,Nigeria,5183.0,5028.098068169403,4905.516108114524
2026-03-31,Nigeria,5198.0,5063.951887072872,4899.658908299164
2026-04-30,Nigeria,5198.0,5063.951887072872,4899.658908299164
2026-05-28,Nigeria,5208.0,5071.387906343352,4899.658908299164
2025-12-31,Niue,,,
2026-01-31,Niue,,,
2026-02-28,Niue,,,
2026-03-31,Niue,,,
2026-04-30,Niue,,,
2026-05-28,Niue,1313.0,1319.0,1693.0
2025-12-31,North Korea,,,
2026-01-31,North Korea,,,
2026-02-28,North Korea,,,
2026-03-31,North Korea,,,
2026-04-30,North Korea,,,
2026-05-28,North Korea,4773.0,4877.0,4701.0
2025-12-31,North Macedonia,,,
2026-01-31,North Macedonia,,,
2026-02-28,North Macedonia,,,
2026-03-31,North Macedonia,5022.0,4913.0,4815.810814838644
2026-04-30,North Macedonia,5022.0,4913.0,4815.810814838644
2026-05-28,North Macedonia,5022.0,4913.0,4815.810814838644
2025-12-31,Northern Ireland,,,
2026-01-31,Northern Ireland,,,
2026-02-28,Northern Ireland,,,
2026-03-31,Northern Ireland,5121.0,4990.948717948718,4901.239225135459
2026-04-30,Northern Ireland,5121.0,4990.948717948718,4901.239225135459
2026-05-28,Northern Ireland,5121.0,4990.948717948718,4901.239225135459
2025-12-31,Northern Mariana Islands,,,
2026-01-31,Northern Mariana Islands,,,
2026-02-28,Northern Mariana Islands,,,
2026-03-31,Northern Mariana Islands,,,
2026-04-30,Northern Mariana Islands,,,
2026-05-28,Northern Mariana Islands,2825.0,3883.0,3381.0
2025-12-31,Norway,,,
2026-01-31,Norway,,,
2026-02-28,Norway,,,
2026-03-31,Norway,5534.0,5265.988882611099,4953.669755319283
2026-04-30,Norway,5534.0,5265.988882611099,4953.669755319283
2026-05-28,Norway,5534.0,5265.988882611099,4953.669755319283
2025-12-31,Oman,,,
2026-01-31,Oman,,,
2026-02-28,Oman,,,
2026-03-31,Oman,,,
2026-04-30,Oman,,,
2026-05-28,Oman,4873.0,4788.0,4797.0
2025-12-31,Pakistan,,,
2026-01-31,Pakistan,,,
2026-02-28,Pakistan,,,
2026-03-31,Pakistan,4048.0,4356.364167786278,4277.051297056622
2026-04-30,Pakistan,4048.0,4356.364167786278,4277.051297056622
2026-05-28,Pakistan,4048.0,4356.364167786278,4277.051297056622
2025-12-31,Palau,,,
2026-01-31,Palau,,,
2026-02-28,Palau,,,
2026-03-31,Palau,,,
2026-04-30,Palau,,,
2026-05-28,Palau,521.0,1037.0,1297.0
2025-12-31,Palestine,,,
2026-01-31,Palestine,,,
2026-02-28,Palestine,,,
2026-03-31,Palestine,,,
2026-04-30,Palestine,,,
2026-05-28,Palestine,4884.0,4852.0,4809.0
2025-12-31,Panama,,,
2026-01-31,Panama,5099.0,5003.479523942657,4840.095890582333
2026-02-28,Panama,5099.0,5003.479523942657,4840.095890582333
2026-03-31,Panama,5106.0,5009.620684997162,4864.701061722563
2026-04-30,Panama,5106.0,5009.620684997162,4864.701061722563
2026-05-28,Panama,5106.0,5009.620684997162,4864.701061722563
2025-12-31,Papua New Guinea,,,
2026-01-31,Papua New Guinea,,,
2026-02-28,Papua New Guinea,,,
2026-03-31,Papua New Guinea,,,
2026-04-30,Papua New Guinea,,,
2026-05-28,Papua New Guinea,4193.0,4484.0,4273.0
2025-12-31,Paraguay,,,
2026-01-31,Paraguay,,,
2026-02-28,Paraguay,,,
2026-03-31,Paraguay,5321.0,5060.974789095682,5000.615306856571
2026-04-30,Paraguay,5321.0,5060.974789095682,5000.615306856571
2026-05-28,Paraguay,5321.0,5060.974789095682,5000.615306856571
2025-12-31,Peru,,,
2026-01-31,Peru,,,
2026-02-28,Peru,,,
2026-03-31,Peru,5195.0,4965.594544645957,4952.594092117284
2026-04-30,Peru,5195.0,4965.594544645957,4952.594092117284
2026-05-28,Peru,5195.0,4965.594544645957,4952.594092117284
2025-12-31,Philippines,,,
2026-01-31,Philippines,,,
2026-02-28,Philippines,,,
2026-03-31,Philippines,4503.0,4711.948717948718,4472.482628802298
2026-04-30,Philippines,4503.0,4711.948717948718,4472.482628802298
2026-05-28,Philippines,4503.0,4711.948717948718,4472.482628802298
2025-12-31,Poland,,,
2026-01-31,Poland,,,
2026-02-28,Poland,,,
2026-03-31,Poland,5223.0,5075.606771123443,4830.465714225325
2026-04-30,Poland,5223.0,5075.606771123443,4830.465714225325
2026-05-28,Poland,5223.0,5075.606771123443,4830.465714225325
2025-12-31,Portugal,,,
2026-01-31,Portugal,,,
2026-02-28,Portugal,,,
2026-03-31,Portugal,5564.0,5282.943279916068,5012.999162056802
2026-04-30,Portugal,5564.0,5282.943279916068,5012.999162056802
2026-05-28,Portugal,5564.0,5282.943279916068,5012.999162056802
2025-12-31,Puerto Rico,,,
2026-01-31,Puerto Rico,,,
2026-02-28,Puerto Rico,,,
2026-03-31,Puerto Rico,4449.0,4663.168497298178,4457.0
2026-04-30,Puerto Rico,4449.0,4663.168497298178,4457.0
2026-05-28,Puerto Rico,4449.0,4663.168497298178,4457.0
2025-12-31,Qatar,,,
2026-01-31,Qatar,,,
2026-02-28,Qatar,,,
2026-03-31,Qatar,,,
2026-04-30,Qatar,,,
2026-05-28,Qatar,4803.0,4788.0,4583.0
2025-12-31,Reunion,,,
2026-01-31,Reunion,,,
2026-02-28,Reunion,,,
2026-03-31,Reunion,,,
2026-04-30,Reunion,,,
2026-05-28,Reunion,4754.0,4770.0,4740.0
2025-12-31,Romania,,,
2026-01-31,Romania,,,
2026-02-28,Romania,,,
2026-03-31,Romania,5149.0,4987.713876569571,4794.989741655629
2026-04-30,Romania,5149.0,4987.713876569571,4794.989741655629
2026-05-28,Romania,5149.0,4987.713876569571,4794.989741655629
2025-12-31,Russia,,,
2026-01-31,Russia,,,
2026-02-28,Russia,,,
2026-03-31,Russia,5329.0,5149.139034884596,4886.051282051282
2026-04-30,Russia,5329.0,5149.139034884596,4886.051282051282
2026-05-28,Russia,5329.0,5149.139034884596,4886.051282051282
2025-12-31,Rwanda,,,
2026-01-31,Rwanda,,,
2026-02-28,Rwanda,,,
2026-03-31,Rwanda,4844.0,4795.733894187412,4790.0
2026-04-30,Rwanda,4844.0,4795.733894187412,4790.0
2026-05-28,Rwanda,4844.0,4795.733894187412,4790.0
2025-12-31,Saint Kitts and Nevis,,,
2026-01-31,Saint Kitts and Nevis,,,
2026-02-28,Saint Kitts and Nevis,,,
2026-03-31,Saint Kitts and Nevis,4072.0,4561.644663688961,4195.408409717019
2026-04-30,Saint Kitts and Nevis,4072.0,4561.644663688961,4195.408409717019
2026-05-28,Saint Kitts and Nevis,4072.0,4561.644663688961,4195.408409717019
2025-12-31,Saint Lucia,,,
2026-01-31,Saint Lucia,,,
2026-02-28,Saint Lucia,,,
2026-03-31,Saint Lucia,4131.0,4557.948717948718,4264.713927139445
2026-04-30,Saint Lucia,4131.0,4557.948717948718,4264.713927139445
2026-05-28,Saint Lucia,4131.0,4557.948717948718,4264.713927139445
2025-12-31,Saint Martin,,,
2026-01-31,Saint Martin,,,
2026-02-28,Saint Martin,,,
2026-03-31,Saint Martin,4181.0,4517.346979747656,4329.878792457127
2026-04-30,Saint Martin,4181.0,4517.346979747656,4329.878792457127
2026-05-28,Saint Martin,4181.0,4517.346979747656,4329.878792457127
2025-12-31,Samoa,,,
2026-01-31,Samoa,,,
2026-02-28,Samoa,,,
2026-03-31,Samoa,,,
2026-04-30,Samoa,,,
2026-05-28,Samoa,3175.0,3695.0,3504.0
2025-12-31,San Marino,,,
2026-01-31,San Marino,,,
2026-02-28,San Marino,,,
2026-03-31,San Marino,4258.0,4552.434414303979,4281.88552570266
2026-04-30,San Marino,4258.0,4552.434414303979,4281.88552570266
2026-05-28,San Marino,4258.0,4552.434414303979,4281.88552570266
2025-12-31,Saudi Arabia,,,
2026-01-31,Saudi Arabia,,,
2026-02-28,Saudi Arabia,,,
2026-03-31,Saudi Arabia,4986.0,4847.15624823656,4839.711876318815
2026-04-30,Saudi Arabia,4986.0,4847.15624823656,4839.711876318815
2026-05-28,Saudi Arabia,4986.0,4847.15624823656,4839.711876318815
2025-12-31,Scotland,,,
2026-01-31,Scotland,,,
2026-02-28,Scotland,,,
2026-03-31,Scotland,5280.0,5067.505962491481,4906.928176216985
2026-04-30,Scotland,5280.0,5067.505962491481,4906.928176216985
2026-05-28,Scotland,5280.0,5067.505962491481,4906.928176216985
2025-12-31,Senegal,,,
2026-01-31,Senegal,5311.0,5128.376518784154,4961.595578924425
2026-02-28,Senegal,5311.0,5128.376518784154,4961.595578924425
2026-03-31,Senegal,5322.0,5147.784660342284,4962.927847836807
2026-04-30,Senegal,5322.0,5147.784660342284,4962.927847836807
2026-05-28,Senegal,5322.0,5147.784660342284,4962.927847836807
2025-12-31,Serbia,,,
2026-01-31,Serbia,,,
2026-02-28,Serbia,,,
2026-03-31,Serbia,5216.0,5025.7084135362575,4930.523047943636
2026-04-30,Serbia,5216.0,5025.7084135362575,4930.523047943636
2026-05-28,Serbia,5216.0,5025.7084135362575,4930.523047943636
2025-12-31,Seychelles,,,
2026-01-31,Seychelles,,,
2026-02-28,Seychelles,,,
2026-03-31,Seychelles,4132.0,4698.948717948718,4227.475417745624
2026-04-30,Seychelles,4132.0,4698.948717948718,4227.475417745624
2026-05-28,Seychelles,4132.0,4698.948717948718,4227.475417745624
2025-12-31,Sierra Leone,,,
2026-01-31,Sierra Leone,,,
2026-02-28,Sierra Leone,,,
2026-03-31,Sierra Leone,4811.0,4840.108094117641,4763.198482560519
2026-04-30,Sierra Leone,4811.0,4840.108094117641,4763.198482560519
2026-05-28,Sierra Leone,4811.0,4840.108094117641,4763.198482560519
2025-12-31,Singapore,,,
2026-01-31,Singapore,,,
2026-02-28,Singapore,,,
2026-03-31,Singapore,4391.0,4621.117572428956,4378.0
2026-04-30,Singapore,4391.0,4621.117572428956,4378.0
2026-05-28,Singapore,4391.0,4621.117572428956,4378.0
2025-12-31,Sint Maarten,,,
2026-01-31,Sint Maarten,,,
2026-02-28,Sint Maarten,,,
2026-03-31,Sint Maarten,4057.0,4473.11342304136,4208.0834254857
2026-04-30,Sint Maarten,4057.0,4473.11342304136,4208.0834254857
2026-05-28,Sint Maarten,4057.0,4473.11342304136,4208.0834254857
2025-12-31,Slovakia,,,
2026-01-31,Slovakia,,,
2026-02-28,Slovakia,,,
2026-03-31,Slovakia,5138.0,4979.7777814582005,4879.706413285501
2026-04-30,Slovakia,5138.0,4979.7777814582005,4879.706413285501
2026-05-28,Slovakia,5138.0,4979.7777814582005,4879.706413285501
2025-12-31,Slovenia,,,
2026-01-31,Slovenia,,,
2026-02-28,Slovenia,,,
2026-03-31,Slovenia,5181.0,4945.363230731737,4982.113254843018
2026-04-30,Slovenia,5181.0,4945.363230731737,4982.113254843018
2026-05-28,Slovenia,5181.0,4945.363230731737,4982.113254843018
2025-12-31,Solomon Islands,,,
2026-01-31,Solomon Islands,,,
2026-02-28,Solomon Islands,,,
2026-03-31,Solomon Islands,4131.0,4522.834416316632,4244.329631398628
2026-04-30,Solomon Islands,4131.0,4522.834416316632,4244.329631398628
2026-05-28,Solomon Islands,4131.0,4522.834416316632,4244.329631398628
2025-12-31,Somalia,,,
2026-01-31,Somalia,,,
2026-02-28,Somalia,,,
2026-03-31,Somalia,4512.0,4716.795260130788,4648.006006498617
2026-04-30,Somalia,4512.0,4716.795260130788,4648.006006498617
2026-05-28,Somalia,4512.0,4716.795260130788,4648.006006498617
2025-12-31,South Africa,,,
2026-01-31,South Africa,4995.0,4929.616461922378,4758.320895033521
2026-02-28,South Africa,4995.0,4929.616461922378,4758.320895033521
2026-03-31,South Africa,4988.0,4905.011290782148,4752.179733979016
2026-04-30,South Africa,4988.0,4905.011290782148,4752.179733979016
2026-05-28,South Africa,4988.0,4905.011290782148,4752.179733979016
2025-12-31,South Korea,,,
2026-01-31,South Korea,,,
2026-02-28,South Korea,,,
2026-03-31,South Korea,5177.0,5023.509661599837,4874.549966562776
2026-04-30,South Korea,5177.0,5023.509661599837,4874.549966562776
2026-05-28,South Korea,5177.0,5023.509661599837,4874.549966562776
2025-12-31,South Sudan,,,
2026-01-31,South Sudan,,,
2026-02-28,South Sudan,,,
2026-03-31,South Sudan,4566.0,4729.217025238954,4605.051282051282
2026-04-30,South Sudan,4566.0,4729.217025238954,4605.051282051282
2026-05-28,South Sudan,4566.0,4729.217025238954,4605.051282051282
2025-12-31,Spain,,,
2026-01-31,Spain,,,
2026-02-28,Spain,,,
2026-03-31,Spain,5702.0,5395.44864191049,5058.0
2026-04-30,Spain,5702.0,5395.44864191049,5058.0
2026-05-28,Spain,5702.0,5395.44864191049,5058.0
2025-12-31,Sri Lanka,,,
2026-01-31,Sri Lanka,,,
2026-02-28,Sri Lanka,,,
2026-03-31,Sri Lanka,4073.0,4294.593220338983,4354.923356452752
2026-04-30,Sri Lanka,4073.0,4294.593220338983,4354.923356452752
2026-05-28,Sri Lanka,4073.0,4294.593220338983,4354.923356452752
2025-12-31,St Vincent & Grenadines,,,
2026-01-31,St Vincent & Grenadines,,,
2026-02-28,St Vincent & Grenadines,,,
2026-03-31,St Vincent & Grenadines,4407.0,4740.065086179828,4454.987955530232
2026-04-30,St Vincent & Grenadines,4407.0,4740.065086179828,4454.987955530232
2026-05-28,St Vincent & Grenadines,4407.0,4740.065086179828,4454.987955530232
2025-12-31,Sudan,4792.0,4785.0,4802.018321581038
2026-01-31,Sudan,4793.0,4802.948717948718,4784.142300796202
2026-02-28,Sudan,4793.0,4802.948717948718,4784.142300796202
2026-03-31,Sudan,4793.0,4802.948717948718,4784.142300796202
2026-04-30,Sudan,4793.0,4802.948717948718,4784.142300796202
2026-05-28,Sudan,4793.0,4802.948717948718,4784.142300796202
2025-12-31,Suriname,,,
2026-01-31,Suriname,,,
2026-02-28,Suriname,,,
2026-03-31,Suriname,4865.0,4881.924846040204,4748.855679699421
2026-04-30,Suriname,4865.0,4881.924846040204,4748.855679699421
2026-05-28,Suriname,4865.0,4881.924846040204,4748.855679699421
2025-12-31,Sweden,,,
2026-01-31,Sweden,,,
2026-02-28,Sweden,,,
2026-03-31,Sweden,5252.0,5157.942306308584,4798.4005935642
2026-04-30,Sweden,5252.0,5157.942306308584,4798.4005935642
2026-05-28,Sweden,5252.0,5157.942306308584,4798.4005935642
2025-12-31,Switzerland,,,
2026-01-31,Switzerland,,,
2026-02-28,Switzerland,,,
2026-03-31,Switzerland,5440.0,5202.399900443373,4996.524182648698
2026-04-30,Switzerland,5440.0,5202.399900443373,4996.524182648698
2026-05-28,Switzerland,5440.0,5202.399900443373,4996.524182648698
2025-12-31,Syria,,,
2026-01-31,Syria,,,
2026-02-28,Syria,,,
2026-03-31,Syria,4926.0,4924.16880339623,4759.051282051282
2026-04-30,Syria,4926.0,4924.16880339623,4759.051282051282
2026-05-28,Syria,4926.0,4924.16880339623,4759.051282051282
2025-12-31,São Tomé and Príncipe,,,
2026-01-31,São Tomé and Príncipe,,,
2026-02-28,São Tomé and Príncipe,,,
2026-03-31,São Tomé and Príncipe,,,
2026-04-30,São Tomé and Príncipe,,,
2026-05-28,São Tomé and Príncipe,4437.0,4791.0,4416.0
2025-12-31,Tahiti,,,
2026-01-31,Tahiti,,,
2026-02-28,Tahiti,,,
2026-03-31,Tahiti,,,
2026-04-30,Tahiti,,,
2026-05-28,Tahiti,4201.0,4419.0,4347.0
2025-12-31,Taiwan,,,
2026-01-31,Taiwan,,,
2026-02-28,Taiwan,,,
2026-03-31,Taiwan,4099.0,4570.076643547248,4168.406779661017
2026-04-30,Taiwan,4099.0,4570.076643547248,4168.406779661017
2026-05-28,Taiwan,4099.0,4570.076643547248,4168.406779661017
2025-12-31,Tajikistan,,,
2026-01-31,Tajikistan,,,
2026-02-28,Tajikistan,,,
2026-03-31,Tajikistan,4637.0,4724.517371197702,4603.051282051282
2026-04-30,Tajikistan,4637.0,4724.517371197702,4603.051282051282
2026-05-28,Tajikistan,4637.0,4724.517371197702,4603.051282051282
2025-12-31,Tanzania,,,
2026-01-31,Tanzania,4836.0,4764.0,4797.711895280077
2026-02-28,Tanzania,4836.0,4764.0,4797.711895280077
2026-03-31,Tanzania,4809.0,4767.451678759911,4779.76317733136
2026-04-30,Tanzania,4809.0,4767.451678759911,4779.76317733136
2026-05-28,Tanzania,4809.0,4767.451678759911,4779.76317733136
2025-12-31,Thailand,,,
2026-01-31,Thailand,,,
2026-02-28,Thailand,,,
2026-03-31,Thailand,4741.0,4828.430920196644,4517.894475568431
2026-04-30,Thailand,4741.0,4828.430920196644,4517.894475568431
2026-05-28,Thailand,4741.0,4828.430920196644,4517.894475568431
2025-12-31,Togo,,,
2026-01-31,Togo,,,
2026-02-28,Togo,,,
2026-03-31,Togo,4824.0,4833.917048290373,4757.128664327234
2026-04-30,Togo,4824.0,4833.917048290373,4757.128664327234
2026-05-28,Togo,4824.0,4833.917048290373,4757.128664327234
2025-12-31,Tonga,,,
2026-01-31,Tonga,,,
2026-02-28,Tonga,,,
2026-03-31,Tonga,,,
2026-04-30,Tonga,,,
2026-05-28,Tonga,2782.0,3483.0,3244.0
2025-12-31,Trinidad and Tobago,,,
2026-01-31,Trinidad and Tobago,,,
2026-02-28,Trinidad and Tobago,,,
2026-03-31,Trinidad and Tobago,4741.0,4884.110980689979,4600.5085826418335
2026-04-30,Trinidad and Tobago,4741.0,4884.110980689979,4600.5085826418335
2026-05-28,Trinidad and Tobago,4741.0,4884.110980689979,4600.5085826418335
2025-12-31,Tunisia,,,
2026-01-31,Tunisia,5107.0,5003.855364501826,4833.592993008119
2026-02-28,Tunisia,5107.0,5003.855364501826,4833.592993008119
2026-03-31,Tunisia,5129.0,4991.585325455812,4885.963178247185
2026-04-30,Tunisia,5129.0,4991.585325455812,4885.963178247185
2026-05-28,Tunisia,5129.0,4991.585325455812,4885.963178247185
2025-12-31,Turkey,,,
2026-01-31,Turkey,,,
2026-02-28,Turkey,,,
2026-03-31,Turkey,5382.0,5175.307877058622,4919.470055718792
2026-04-30,Turkey,5382.0,5175.307877058622,4919.470055718792
2026-05-28,Turkey,5382.0,5175.307877058622,4919.470055718792
2025-12-31,Turkmenistan,,,
2026-01-31,Turkmenistan,,,
2026-02-28,Turkmenistan,,,
2026-03-31,Turkmenistan,4554.0,4721.105524431569,4514.569079803356
2026-04-30,Turkmenistan,4554.0,4721.105524431569,4514.569079803356
2026-05-28,Turkmenistan,4554.0,4721.105524431569,4514.569079803356
2025-12-31,Turks and Caicos Islands,,,
2026-01-31,Turks and Caicos Islands,,,
2026-02-28,Turks and Caicos Islands,,,
2026-03-31,Turks and Caicos Islands,,,
2026-04-30,Turks and Caicos Islands,,,
2026-05-28,Turks and Caicos Islands,3477.0,4181.0,3876.0
2025-12-31,Tuvalu,,,
2026-01-31,Tuvalu,,,
2026-02-28,Tuvalu,,,
2026-03-31,Tuvalu,,,
2026-04-30,Tuvalu,,,
2026-05-28,Tuvalu,2914.0,3854.0,3120.0
2025-12-31,US Virgin Islands,,,
2026-01-31,US Virgin Islands,,,
2026-02-28,US Virgin Islands,,,
2026-03-31,US Virgin Islands,3522.0,4097.592925370496,3948.118001484784
2026-04-30,US Virgin Islands,3522.0,4097.592925370496,3948.118001484784
2026-05-28,US Virgin Islands,3522.0,4097.592925370496,3948.118001484784
2025-12-31,Uganda,,,
2026-01-31,Uganda,,,
2026-02-28,Uganda,,,
2026-03-31,Uganda,,,
2026-04-30,Uganda,,,
2026-05-28,Uganda,4854.0,4850.0,4755.0
2025-12-31,Ukraine,,,
2026-01-31,Ukraine,,,
2026-02-28,Ukraine,,,
2026-03-31,Ukraine,5223.0,5108.2175030138005,4900.6712213800265
2026-04-30,Ukraine,5223.0,5108.2175030138005,4900.6712213800265
2026-05-28,Ukraine,5223.0,5108.2175030138005,4900.6712213800265
2025-12-31,United Arab Emirates,,,
2026-01-31,United Arab Emirates,,,
2026-02-28,United Arab Emirates,,,
2026-03-31,United Arab Emirates,,,
2026-04-30,United Arab Emirates,,,
2026-05-28,United Arab Emirates,4956.0,4872.0,4771.0
2025-12-31,United States,,,
2026-01-31,United States,,,
2026-02-28,United States,,,
2026-03-31,United States,5217.0,5034.809463278986,4804.053470362026
2026-04-30,United States,5217.0,5034.809463278986,4804.053470362026
2026-05-28,United States,5217.0,5034.809463278986,4804.053470362026
2025-12-31,Uruguay,,,
2026-01-31,Uruguay,,,
2026-02-28,Uruguay,,,
2026-03-31,Uruguay,5384.0,5074.2956249860845,5121.385048386816
2026-04-30,Uruguay,5384.0,5074.2956249860845,5121.385048386816
2026-05-28,Uruguay,5384.0,5074.2956249860845,5121.385048386816
2025-12-31,Uzbekistan,,,
2026-01-31,Uzbekistan,5113.0,4917.275343352545,4882.428571428572
2026-02-28,Uzbekistan,5113.0,4917.275343352545,4882.428571428572
2026-03-31,Uzbekistan,5121.0,4910.6816766813245,4885.382766314197
2026-04-30,Uzbekistan,5121.0,4910.6816766813245,4885.382766314197
2026-05-28,Uzbekistan,5121.0,4910.6816766813245,4885.382766314197
2025-12-31,Vanuatu,,,
2026-01-31,Vanuatu,,,
2026-02-28,Vanuatu,,,
2026-03-31,Vanuatu,,,
2026-04-30,Vanuatu,,,
2026-05-28,Vanuatu,4146.0,4462.0,4241.0
2025-12-31,Venezuela,,,
2026-01-31,Venezuela,,,
2026-02-28,Venezuela,,,
2026-03-31,Venezuela,5211.0,5045.5723012273365,4918.121354071723
2026-04-30,Venezuela,5211.0,5045.5723012273365,4918.121354071723
2026-05-28,Venezuela,5211.0,5045.5723012273365,4918.121354071723
2025-12-31,Vietnam,,,
2026-01-31,Vietnam,,,
2026-02-28,Vietnam,,,
2026-03-31,Vietnam,4664.0,4742.082057858241,4556.403629592879
2026-04-30,Vietnam,4664.0,4742.082057858241,4556.403629592879
2026-05-28,Vietnam,4664.0,4742.082057858241,4556.403629592879
2025-12-31,Wales,,,
2026-01-31,Wales,,,
2026-02-28,Wales,,,
2026-03-31,Wales,5201.0,4980.5710444702,4832.102564102564
2026-04-30,Wales,5201.0,4980.5710444702,4832.102564102564
2026-05-28,Wales,5201.0,4980.5710444702,4832.102564102564
2025-12-31,Yemen,,,
2026-01-31,Yemen,,,
2026-02-28,Yemen,,,
2026-03-31,Yemen,,,
2026-04-30,Yemen,,,
2026-05-28,Yemen,4581.0,4792.0,4497.0
2025-12-31,Zambia,,,
2026-01-31,Zambia,,,
2026-02-28,Zambia,,,
2026-03-31,Zambia,4831.0,4896.0,4697.178945464068
2026-04-30,Zambia,4831.0,4896.0,4697.178945464068
2026-05-28,Zambia,4831.0,4896.0,4697.178945464068
2025-12-31,Zanzibar,,,
2026-01-31,Zanzibar,,,
2026-02-28,Zanzibar,,,
2026-03-31,Zanzibar,,,
2026-04-30,Zanzibar,,,
2026-05-28,Zanzibar,4796.0,4836.0,4779.0
2025-12-31,Zimbabwe,,,
2026-01-31,Zimbabwe,,,
2026-02-28,Zimbabwe,,,
2026-03-31,Zimbabwe,4905.0,4897.01596679934,4838.213258286888
2026-04-30,Zimbabwe,4905.0,4897.01596679934,4838.213258286888
2026-05-28,Zimbabwe,4895.0,4897.01596679934,4830.777239016408
