date,team,points,points_off,points_def
2025-12-31,Afghanistan,4288.0,4556.808259398767,4440.2792545674665
2026-01-31,Afghanistan,4288.0,4556.808259398767,4440.2792545674665
2026-02-28,Afghanistan,4288.0,4556.808259398767,4440.2792545674665
2026-03-31,Afghanistan,4288.0,4556.808259398767,4440.2792545674665
2026-04-30,Afghanistan,4288.0,4556.808259398767,4440.2792545674665
2026-05-31,Afghanistan,4288.0,4556.808259398767,4440.2792545674665
2026-06-01,Afghanistan,4288.0,4556.808259398767,4440.2792545674665
2025-12-31,Albania,5141.0,4928.920758086064,4931.775132298557
2026-01-31,Albania,5141.0,4928.920758086064,4931.775132298557
2026-02-28,Albania,5141.0,4928.920758086064,4931.775132298557
2026-03-31,Albania,5141.0,4928.920758086064,4931.775132298557
2026-04-30,Albania,5141.0,4928.920758086064,4931.775132298557
2026-05-31,Albania,5141.0,4928.920758086064,4931.775132298557
2026-06-01,Albania,5141.0,4928.920758086064,4931.775132298557
2025-12-31,Algeria,5214.0,5177.373685850905,4827.007708155159
2026-01-31,Algeria,5191.0,5135.822865908318,4844.457410468028
2026-02-28,Algeria,5191.0,5135.822865908318,4844.457410468028
2026-03-31,Algeria,5231.0,5158.648430253192,4892.152154157514
2026-04-30,Algeria,5231.0,5158.648430253192,4892.152154157514
2026-05-31,Algeria,5231.0,5158.648430253192,4892.152154157514
2026-06-01,Algeria,5231.0,5158.648430253192,4892.152154157514
2025-12-31,Andorra,4683.0,4563.425671602562,4687.277213441739
2026-01-31,Andorra,4683.0,4563.425671602562,4687.277213441739
2026-02-28,Andorra,4683.0,4563.425671602562,4687.277213441739
2026-03-31,Andorra,4682.0,4563.425671602562,4676.8375142088535
2026-04-30,Andorra,4682.0,4563.425671602562,4676.8375142088535
2026-05-31,Andorra,4683.0,4563.425671602562,4687.277213441739
2026-06-01,Andorra,4683.0,4563.425671602562,4687.277213441739
2025-12-31,Angola,5016.0,4968.4172775045845,4821.277848650073
2026-01-31,Angola,5016.0,4968.4172775045845,4821.277848650073
2026-02-28,Angola,5016.0,4968.4172775045845,4821.277848650073
2026-03-31,Angola,5016.0,4968.4172775045845,4821.277848650073
2026-04-30,Angola,5016.0,4968.4172775045845,4821.277848650073
2026-05-31,Angola,5016.0,4968.4172775045845,4821.277848650073
2026-06-01,Angola,5016.0,4968.4172775045845,4821.277848650073
2025-12-31,Anguilla,3585.0,4202.284697330683,4027.2958867310126
2026-01-31,Anguilla,3585.0,4202.284697330683,4027.2958867310126
2026-02-28,Anguilla,3585.0,4202.284697330683,4027.2958867310126
2026-03-31,Anguilla,3585.0,4202.284697330683,4027.2958867310126
2026-04-30,Anguilla,3585.0,4202.284697330683,4027.2958867310126
2026-05-31,Anguilla,3585.0,4202.284697330683,4027.2958867310126
2026-06-01,Anguilla,3585.0,4202.284697330683,4027.2958867310126
2025-12-31,Antigua and Barbuda,4058.0,4381.0,4290.0
2026-01-31,Antigua and Barbuda,4058.0,4381.0,4290.0
2026-02-28,Antigua and Barbuda,4058.0,4381.0,4290.0
2026-03-31,Antigua and Barbuda,4058.0,4381.0,4290.0
2026-04-30,Antigua and Barbuda,4058.0,4381.0,4290.0
2026-05-31,Antigua and Barbuda,4058.0,4381.0,4290.0
2026-06-01,Antigua and Barbuda,4058.0,4381.0,4290.0
2025-12-31,Argentina,5598.0,5299.958560943956,5107.051282051282
2026-01-31,Argentina,5598.0,5299.958560943956,5107.051282051282
2026-02-28,Argentina,5598.0,5299.958560943956,5107.051282051282
2026-03-31,Argentina,5598.0,5299.958560943956,5107.051282051282
2026-04-30,Argentina,5598.0,5299.958560943956,5107.051282051282
2026-05-31,Argentina,5598.0,5299.958560943956,5107.051282051282
2026-06-01,Argentina,5598.0,5299.958560943956,5107.051282051282
2025-12-31,Armenia,4789.0,4907.3619677994775,4578.705250567842
2026-01-31,Armenia,4789.0,4907.3619677994775,4578.705250567842
2026-02-28,Armenia,4789.0,4907.3619677994775,4578.705250567842
2026-03-31,Armenia,4789.0,4907.3619677994775,4578.705250567842
2026-04-30,Armenia,4789.0,4907.3619677994775,4578.705250567842
2026-05-31,Armenia,4789.0,4907.3619677994775,4578.705250567842
2026-06-01,Armenia,4789.0,4907.3619677994775,4578.705250567842
2025-12-31,Aruba,4261.0,4632.109714484614,4364.093875369486
2026-01-31,Aruba,4261.0,4632.109714484614,4364.093875369486
2026-02-28,Aruba,4261.0,4632.109714484614,4364.093875369486
2026-03-31,Aruba,4261.0,4632.109714484614,4364.093875369486
2026-04-30,Aruba,4261.0,4632.109714484614,4364.093875369486
2026-05-31,Aruba,4261.0,4632.109714484614,4364.093875369486
2026-06-01,Aruba,4261.0,4632.109714484614,4364.093875369486
2025-12-31,Australia,5253.0,5060.680231243796,4942.734611473168
2026-01-31,Australia,5253.0,5060.680231243796,4942.734611473168
2026-02-28,Australia,5253.0,5060.680231243796,4942.734611473168
2026-03-31,Australia,5258.0,5081.004958936619,4937.051282051282
2026-04-30,Australia,5258.0,5081.004958936619,4937.051282051282
2026-05-31,Australia,5253.0,5060.680231243796,4942.734611473168
2026-06-01,Australia,5253.0,5060.680231243796,4942.734611473168
2025-12-31,Austria,5369.0,5135.522087484398,4956.051282051282
2026-01-31,Austria,5369.0,5135.522087484398,4956.051282051282
2026-02-28,Austria,5369.0,5135.522087484398,4956.051282051282
2026-03-31,Austria,5369.0,5135.522087484398,4956.051282051282
2026-04-30,Austria,5369.0,5135.522087484398,4956.051282051282
2026-05-31,Austria,5369.0,5135.522087484398,4956.051282051282
2026-06-01,Austria,5369.0,5135.522087484398,4956.051282051282
2025-12-31,Azerbaijan,4810.0,4833.087590300036,4636.943187933642
2026-01-31,Azerbaijan,4810.0,4833.087590300036,4636.943187933642
2026-02-28,Azerbaijan,4810.0,4833.087590300036,4636.943187933642
2026-03-31,Azerbaijan,4810.0,4833.087590300036,4636.943187933642
2026-04-30,Azerbaijan,4810.0,4833.087590300036,4636.943187933642
2026-05-31,Azerbaijan,4810.0,4833.087590300036,4636.943187933642
2026-06-01,Azerbaijan,4810.0,4833.087590300036,4636.943187933642
2025-12-31,Bahamas,3554.0,4348.856904566857,3837.957327256401
2026-01-31,Bahamas,3554.0,4348.856904566857,3837.957327256401
2026-02-28,Bahamas,3554.0,4348.856904566857,3837.957327256401
2026-03-31,Bahamas,3554.0,4348.856904566857,3837.957327256401
2026-04-30,Bahamas,3554.0,4348.856904566857,3837.957327256401
2026-05-31,Bahamas,3554.0,4348.856904566857,3837.957327256401
2026-06-01,Bahamas,3554.0,4348.856904566857,3837.957327256401
2025-12-31,Bahrain,4790.0,4732.0,4740.0
2026-01-31,Bahrain,4790.0,4732.0,4740.0
2026-02-28,Bahrain,4790.0,4732.0,4740.0
2026-03-31,Bahrain,4790.0,4732.0,4740.0
2026-04-30,Bahrain,4790.0,4732.0,4740.0
2026-05-31,Bahrain,4790.0,4732.0,4740.0
2026-06-01,Bahrain,4790.0,4732.0,4740.0
2025-12-31,Bangladesh,4234.0,4386.0,4406.914075168186
2026-01-31,Bangladesh,4234.0,4386.0,4406.914075168186
2026-02-28,Bangladesh,4234.0,4386.0,4406.914075168186
2026-03-31,Bangladesh,4234.0,4386.0,4406.914075168186
2026-04-30,Bangladesh,4234.0,4386.0,4406.914075168186
2026-05-31,Bangladesh,4234.0,4386.0,4406.914075168186
2026-06-01,Bangladesh,4234.0,4386.0,4406.914075168186
2025-12-31,Barbados,4059.0,4573.938273240851,4205.180554101467
2026-01-31,Barbados,4059.0,4573.938273240851,4205.180554101467
2026-02-28,Barbados,4059.0,4573.938273240851,4205.180554101467
2026-03-31,Barbados,4059.0,4573.938273240851,4205.180554101467
2026-04-30,Barbados,4059.0,4573.938273240851,4205.180554101467
2026-05-31,Barbados,4059.0,4573.938273240851,4205.180554101467
2026-06-01,Barbados,4059.0,4573.938273240851,4205.180554101467
2025-12-31,Belarus,4981.0,4923.293415174665,4848.722213131486
2026-01-31,Belarus,4981.0,4923.293415174665,4848.722213131486
2026-02-28,Belarus,4981.0,4923.293415174665,4848.722213131486
2026-03-31,Belarus,4981.0,4923.293415174665,4848.722213131486
2026-04-30,Belarus,4981.0,4923.293415174665,4848.722213131486
2026-05-31,Belarus,4981.0,4923.293415174665,4848.722213131486
2026-06-01,Belarus,4981.0,4923.293415174665,4848.722213131486
2025-12-31,Belgium,5460.0,5257.961342022136,4964.88346801316
2026-01-31,Belgium,5460.0,5257.961342022136,4964.88346801316
2026-02-28,Belgium,5460.0,5257.961342022136,4964.88346801316
2026-03-31,Belgium,5460.0,5257.961342022136,4964.88346801316
2026-04-30,Belgium,5460.0,5257.961342022136,4964.88346801316
2026-05-31,Belgium,5460.0,5257.961342022136,4964.88346801316
2026-06-01,Belgium,5460.0,5257.961342022136,4964.88346801316
2025-12-31,Belize,4330.0,4595.132186865849,4425.563159267495
2026-01-31,Belize,4330.0,4595.132186865849,4425.563159267495
2026-02-28,Belize,4330.0,4595.132186865849,4425.563159267495
2026-03-31,Belize,4330.0,4595.132186865849,4425.563159267495
2026-04-30,Belize,4330.0,4595.132186865849,4425.563159267495
2026-05-31,Belize,4330.0,4595.132186865849,4425.563159267495
2026-06-01,Belize,4330.0,4595.132186865849,4425.563159267495
2025-12-31,Benin,4885.0,4913.272248699021,4808.231078156136
2026-01-31,Benin,4869.0,4910.468475067044,4782.428826925393
2026-02-28,Benin,4869.0,4910.468475067044,4782.428826925393
2026-03-31,Benin,4882.0,4892.748076536696,4825.464886785152
2026-04-30,Benin,4882.0,4892.748076536696,4825.464886785152
2026-05-31,Benin,4882.0,4892.748076536696,4825.464886785152
2026-06-01,Benin,4882.0,4892.748076536696,4825.464886785152
2025-12-31,Bermuda,4379.0,4775.0,4338.787609455695
2026-01-31,Bermuda,4379.0,4775.0,4338.787609455695
2026-02-28,Bermuda,4379.0,4775.0,4338.787609455695
2026-03-31,Bermuda,4379.0,4775.0,4338.787609455695
2026-04-30,Bermuda,4379.0,4775.0,4338.787609455695
2026-05-31,Bermuda,4379.0,4775.0,4338.787609455695
2026-06-01,Bermuda,4379.0,4775.0,4338.787609455695
2025-12-31,Bhutan,3710.0,4315.895869691934,3926.0639743251377
2026-01-31,Bhutan,3710.0,4315.895869691934,3926.0639743251377
2026-02-28,Bhutan,3710.0,4315.895869691934,3926.0639743251377
2026-03-31,Bhutan,3710.0,4315.895869691934,3926.0639743251377
2026-04-30,Bhutan,3710.0,4315.895869691934,3926.0639743251377
2026-05-31,Bhutan,3710.0,4315.895869691934,3926.0639743251377
2026-06-01,Bhutan,3710.0,4315.895869691934,3926.0639743251377
2025-12-31,Bolivia,5074.0,5017.0,4792.767758413671
2026-01-31,Bolivia,5068.0,4975.690510146418,4806.083725544455
2026-02-28,Bolivia,5068.0,4975.690510146418,4806.083725544455
2026-03-31,Bolivia,5055.0,4983.302226093946,4795.927761268353
2026-04-30,Bolivia,5055.0,4983.302226093946,4795.927761268353
2026-05-31,Bolivia,5055.0,4983.302226093946,4795.927761268353
2026-06-01,Bolivia,5055.0,4983.302226093946,4795.927761268353
2025-12-31,Bonaire,3998.0,4429.1949787717895,4220.4073799710495
2026-01-31,Bonaire,3998.0,4429.1949787717895,4220.4073799710495
2026-02-28,Bonaire,3998.0,4429.1949787717895,4220.4073799710495
2026-03-31,Bonaire,3998.0,4429.1949787717895,4220.4073799710495
2026-04-30,Bonaire,3998.0,4429.1949787717895,4220.4073799710495
2026-05-31,Bonaire,3998.0,4429.1949787717895,4220.4073799710495
2026-06-01,Bonaire,3998.0,4429.1949787717895,4220.4073799710495
2025-12-31,Bosnia and Herzegovina,5090.0,4968.728087860847,4797.007683548902
2026-01-31,Bosnia and Herzegovina,5090.0,4968.728087860847,4797.007683548902
2026-02-28,Bosnia and Herzegovina,5090.0,4968.728087860847,4797.007683548902
2026-03-31,Bosnia and Herzegovina,5095.0,4996.630283905589,4797.007683548902
2026-04-30,Bosnia and Herzegovina,5095.0,4996.630283905589,4797.007683548902
2026-05-31,Bosnia and Herzegovina,5090.0,4968.728087860847,4797.007683548902
2026-06-01,Bosnia and Herzegovina,5090.0,4968.728087860847,4797.007683548902
2025-12-31,Botswana,4756.0,4820.011078999332,4733.024362368997
2026-01-31,Botswana,4756.0,4820.011078999332,4733.024362368997
2026-02-28,Botswana,4756.0,4820.011078999332,4733.024362368997
2026-03-31,Botswana,4693.0,4754.3773560060745,4670.33464101955
2026-04-30,Botswana,4693.0,4754.3773560060745,4670.33464101955
2026-05-31,Botswana,4693.0,4754.3773560060745,4670.33464101955
2026-06-01,Botswana,4693.0,4754.3773560060745,4670.33464101955
2025-12-31,Brazil,5516.0,5282.469923310344,5051.1927066408325
2026-01-31,Brazil,5516.0,5282.469923310344,5051.1927066408325
2026-02-28,Brazil,5516.0,5282.469923310344,5051.1927066408325
2026-03-31,Brazil,5504.0,5244.548672823113,5079.764135212261
2026-04-30,Brazil,5504.0,5244.548672823113,5079.764135212261
2026-05-31,Brazil,5516.0,5282.469923310344,5051.1927066408325
2026-06-01,Brazil,5516.0,5282.469923310344,5051.1927066408325
2025-12-31,British Virgin Islands,3936.0,4372.828374471045,4224.320741908027
2026-01-31,British Virgin Islands,3936.0,4372.828374471045,4224.320741908027
2026-02-28,British Virgin Islands,3936.0,4372.828374471045,4224.320741908027
2026-03-31,British Virgin Islands,3936.0,4372.828374471045,4224.320741908027
2026-04-30,British Virgin Islands,3936.0,4372.828374471045,4224.320741908027
2026-05-31,British Virgin Islands,3936.0,4372.828374471045,4224.320741908027
2026-06-01,British Virgin Islands,3936.0,4372.828374471045,4224.320741908027
2025-12-31,Brunei,3648.0,4212.936025674862,3937.1041303080656
2026-01-31,Brunei,3648.0,4212.936025674862,3937.1041303080656
2026-02-28,Brunei,3648.0,4212.936025674862,3937.1041303080656
2026-03-31,Brunei,3648.0,4212.936025674862,3937.1041303080656
2026-04-30,Brunei,3648.0,4212.936025674862,3937.1041303080656
2026-05-31,Brunei,3648.0,4212.936025674862,3937.1041303080656
2026-06-01,Brunei,3648.0,4212.936025674862,3937.1041303080656
2025-12-31,Bulgaria,4949.0,4924.793668544161,4704.980087935442
2026-01-31,Bulgaria,4949.0,4924.793668544161,4704.980087935442
2026-02-28,Bulgaria,4949.0,4924.793668544161,4704.980087935442
2026-03-31,Bulgaria,4949.0,4924.793668544161,4704.980087935442
2026-04-30,Bulgaria,4949.0,4924.793668544161,4704.980087935442
2026-05-31,Bulgaria,4949.0,4924.793668544161,4704.980087935442
2026-06-01,Bulgaria,4949.0,4924.793668544161,4704.980087935442
2025-12-31,Burkina Faso,5066.0,5052.809523784128,4845.441142797218
2026-01-31,Burkina Faso,5028.0,5029.507727726537,4820.3515379910805
2026-02-28,Burkina Faso,5028.0,5029.507727726537,4820.3515379910805
2026-03-31,Burkina Faso,5037.0,5039.945007993004,4802.402820042363
2026-04-30,Burkina Faso,5037.0,5039.945007993004,4802.402820042363
2026-05-31,Burkina Faso,5037.0,5039.945007993004,4802.402820042363
2026-06-01,Burkina Faso,5037.0,5039.945007993004,4802.402820042363
2025-12-31,Burundi,4820.0,4844.063611771229,4729.269040162342
2026-01-31,Burundi,4820.0,4844.063611771229,4729.269040162342
2026-02-28,Burundi,4820.0,4844.063611771229,4729.269040162342
2026-03-31,Burundi,4836.0,4844.063611771229,4763.10661045014
2026-04-30,Burundi,4836.0,4844.063611771229,4763.10661045014
2026-05-31,Burundi,4820.0,4844.063611771229,4729.269040162342
2026-06-01,Burundi,4820.0,4844.063611771229,4729.269040162342
2025-12-31,Cambodia,4170.0,4537.0,4259.0
2026-01-31,Cambodia,4170.0,4537.0,4259.0
2026-02-28,Cambodia,4170.0,4537.0,4259.0
2026-03-31,Cambodia,4170.0,4537.0,4259.0
2026-04-30,Cambodia,4170.0,4537.0,4259.0
2026-05-31,Cambodia,4170.0,4537.0,4259.0
2026-06-01,Cambodia,4170.0,4537.0,4259.0
2025-12-31,Cameroon,5049.0,4951.292741321369,4885.932184460883
2026-01-31,Cameroon,5053.0,4961.072114203824,4889.033401761382
2026-02-28,Cameroon,5053.0,4961.072114203824,4889.033401761382
2026-03-31,Cameroon,5070.0,4967.325589289149,4905.673772511358
2026-04-30,Cameroon,5070.0,4967.325589289149,4905.673772511358
2026-05-31,Cameroon,5070.0,4967.325589289149,4905.673772511358
2026-06-01,Cameroon,5070.0,4967.325589289149,4905.673772511358
2025-12-31,Canada,5250.0,4996.78203365919,4962.428571428572
2026-01-31,Canada,5282.0,5029.515308341075,4991.0
2026-02-28,Canada,5282.0,5029.515308341075,4991.0
2026-03-31,Canada,5250.0,4996.78203365919,4962.428571428572
2026-04-30,Canada,5250.0,4996.78203365919,4962.428571428572
2026-05-31,Canada,5250.0,4996.78203365919,4962.428571428572
2026-06-01,Canada,5250.0,4996.78203365919,4962.428571428572
2025-12-31,Cape Verde,5016.0,4973.883212310751,4866.260302438317
2026-01-31,Cape Verde,5016.0,4973.883212310751,4866.260302438317
2026-02-28,Cape Verde,5016.0,4973.883212310751,4866.260302438317
2026-03-31,Cape Verde,4989.0,4946.3067240719165,4841.998729090428
2026-04-30,Cape Verde,4989.0,4946.3067240719165,4841.998729090428
2026-05-31,Cape Verde,5016.0,4973.883212310751,4866.260302438317
2026-06-01,Cape Verde,5016.0,4973.883212310751,4866.260302438317
2025-12-31,Cayman Islands,3880.0,4268.437233504889,4157.018834231085
2026-01-31,Cayman Islands,3880.0,4268.437233504889,4157.018834231085
2026-02-28,Cayman Islands,3880.0,4268.437233504889,4157.018834231085
2026-03-31,Cayman Islands,3880.0,4268.437233504889,4157.018834231085
2026-04-30,Cayman Islands,3880.0,4268.437233504889,4157.018834231085
2026-05-31,Cayman Islands,3880.0,4268.437233504889,4157.018834231085
2026-06-01,Cayman Islands,3880.0,4268.437233504889,4157.018834231085
2025-12-31,Central African Republic,4677.0,4881.0,4621.0
2026-01-31,Central African Republic,4677.0,4881.0,4621.0
2026-02-28,Central African Republic,4677.0,4881.0,4621.0
2026-03-31,Central African Republic,4677.0,4881.0,4621.0
2026-04-30,Central African Republic,4677.0,4881.0,4621.0
2026-05-31,Central African Republic,4677.0,4881.0,4621.0
2026-06-01,Central African Republic,4677.0,4881.0,4621.0
2025-12-31,Chad,4510.0,4756.89338954986,4565.936388228771
2026-01-31,Chad,4510.0,4756.89338954986,4565.936388228771
2026-02-28,Chad,4510.0,4756.89338954986,4565.936388228771
2026-03-31,Chad,4510.0,4756.89338954986,4565.936388228771
2026-04-30,Chad,4510.0,4756.89338954986,4565.936388228771
2026-05-31,Chad,4510.0,4756.89338954986,4565.936388228771
2026-06-01,Chad,4510.0,4756.89338954986,4565.936388228771
2025-12-31,Chile,5195.0,5076.496583547009,4889.858032822423
2026-01-31,Chile,5195.0,5076.496583547009,4889.858032822423
2026-02-28,Chile,5195.0,5076.496583547009,4889.858032822423
2026-03-31,Chile,5195.0,5076.496583547009,4889.858032822423
2026-04-30,Chile,5195.0,5076.496583547009,4889.858032822423
2026-05-31,Chile,5195.0,5076.496583547009,4889.858032822423
2026-06-01,Chile,5195.0,5076.496583547009,4889.858032822423
2025-12-31,China,4825.0,4792.880815619606,4707.93648581312
2026-01-31,China,4807.0,4776.571428571428,4690.724656647455
2026-02-28,China,4807.0,4776.571428571428,4690.724656647455
2026-03-31,China,4825.0,4792.880815619606,4707.93648581312
2026-04-30,China,4825.0,4792.880815619606,4707.93648581312
2026-05-31,China,4825.0,4792.880815619606,4707.93648581312
2026-06-01,China,4825.0,4792.880815619606,4707.93648581312
2025-12-31,Colombia,5510.0,5254.137186675728,5033.411881908778
2026-01-31,Colombia,5510.0,5254.137186675728,5033.411881908778
2026-02-28,Colombia,5510.0,5254.137186675728,5033.411881908778
2026-03-31,Colombia,5510.0,5254.137186675728,5033.411881908778
2026-04-30,Colombia,5510.0,5254.137186675728,5033.411881908778
2026-05-31,Colombia,5510.0,5254.137186675728,5033.411881908778
2026-06-01,Colombia,5510.0,5254.137186675728,5033.411881908778
2025-12-31,Comoros,4874.0,4896.065276473463,4797.497388383606
2026-01-31,Comoros,4874.0,4896.065276473463,4797.497388383606
2026-02-28,Comoros,4874.0,4896.065276473463,4797.497388383606
2026-03-31,Comoros,4860.0,4852.532609782734,4827.839354412483
2026-04-30,Comoros,4860.0,4852.532609782734,4827.839354412483
2026-05-31,Comoros,4860.0,4852.532609782734,4827.839354412483
2026-06-01,Comoros,4860.0,4852.532609782734,4827.839354412483
2025-12-31,Congo,4658.0,4791.0,4599.0
2026-01-31,Congo,4658.0,4791.0,4599.0
2026-02-28,Congo,4658.0,4791.0,4599.0
2026-03-31,Congo,4658.0,4791.0,4599.0
2026-04-30,Congo,4658.0,4791.0,4599.0
2026-05-31,Congo,4658.0,4791.0,4599.0
2026-06-01,Congo,4658.0,4791.0,4599.0
2025-12-31,Cook Islands,2905.0,3494.0,3385.0
2026-01-31,Cook Islands,2905.0,3494.0,3385.0
2026-02-28,Cook Islands,2905.0,3494.0,3385.0
2026-03-31,Cook Islands,2905.0,3494.0,3385.0
2026-04-30,Cook Islands,2905.0,3494.0,3385.0
2026-05-31,Cook Islands,2905.0,3494.0,3385.0
2026-06-01,Cook Islands,2905.0,3494.0,3385.0
2025-12-31,Costa Rica,4970.0,4996.79571579775,4734.3444241281495
2026-01-31,Costa Rica,4970.0,4996.79571579775,4734.3444241281495
2026-02-28,Costa Rica,4970.0,4996.79571579775,4734.3444241281495
2026-03-31,Costa Rica,4970.0,4996.79571579775,4734.3444241281495
2026-04-30,Costa Rica,4970.0,4996.79571579775,4734.3444241281495
2026-05-31,Costa Rica,4970.0,4996.79571579775,4734.3444241281495
2026-06-01,Costa Rica,4970.0,4996.79571579775,4734.3444241281495
2025-12-31,Croatia,5422.0,5187.617693732778,4975.988907622726
2026-01-31,Croatia,5422.0,5187.617693732778,4975.988907622726
2026-02-28,Croatia,5422.0,5187.617693732778,4975.988907622726
2026-03-31,Croatia,5422.0,5187.617693732778,4975.988907622726
2026-04-30,Croatia,5422.0,5187.617693732778,4975.988907622726
2026-05-31,Croatia,5422.0,5187.617693732778,4975.988907622726
2026-06-01,Croatia,5422.0,5187.617693732778,4975.988907622726
2025-12-31,Cuba,4615.0,4745.38189052305,4627.811888947336
2026-01-31,Cuba,4615.0,4745.38189052305,4627.811888947336
2026-02-28,Cuba,4615.0,4745.38189052305,4627.811888947336
2026-03-31,Cuba,4615.0,4745.38189052305,4627.811888947336
2026-04-30,Cuba,4615.0,4745.38189052305,4627.811888947336
2026-05-31,Cuba,4615.0,4745.38189052305,4627.811888947336
2026-06-01,Cuba,4615.0,4745.38189052305,4627.811888947336
2025-12-31,Curaçao,4832.0,4858.432131646445,4685.173196557471
2026-01-31,Curaçao,4832.0,4858.432131646445,4685.173196557471
2026-02-28,Curaçao,4832.0,4858.432131646445,4685.173196557471
2026-03-31,Curaçao,4837.0,4840.483413697727,4709.045283265227
2026-04-30,Curaçao,4837.0,4840.483413697727,4709.045283265227
2026-05-31,Curaçao,4832.0,4858.432131646445,4685.173196557471
2026-06-01,Curaçao,4832.0,4858.432131646445,4685.173196557471
2025-12-31,Cyprus,4797.0,4877.291493433207,4580.181949074781
2026-01-31,Cyprus,4797.0,4877.291493433207,4580.181949074781
2026-02-28,Cyprus,4797.0,4877.291493433207,4580.181949074781
2026-03-31,Cyprus,4797.0,4877.291493433207,4580.181949074781
2026-04-30,Cyprus,4797.0,4877.291493433207,4580.181949074781
2026-05-31,Cyprus,4797.0,4877.291493433207,4580.181949074781
2026-06-01,Cyprus,4797.0,4877.291493433207,4580.181949074781
2025-12-31,Czechia,5223.0,5062.051967633924,4847.626452594697
2026-01-31,Czechia,5223.0,5062.051967633924,4847.626452594697
2026-02-28,Czechia,5223.0,5062.051967633924,4847.626452594697
2026-03-31,Czechia,5219.0,5060.256553844226,4843.202429296549
2026-04-30,Czechia,5219.0,5060.256553844226,4843.202429296549
2026-05-31,Czechia,5223.0,5062.051967633924,4847.626452594697
2026-06-01,Czechia,5223.0,5062.051967633924,4847.626452594697
2025-12-31,DR Congo,5111.0,4974.281374581548,4942.192824146766
2026-01-31,DR Congo,5103.0,4951.04304351546,4955.521704722478
2026-02-28,DR Congo,5103.0,4951.04304351546,4955.521704722478
2026-03-31,DR Congo,5099.0,4925.325226655104,4955.521704722478
2026-04-30,DR Congo,5099.0,4925.325226655104,4955.521704722478
2026-05-31,DR Congo,5099.0,4925.325226655104,4955.521704722478
2026-06-01,DR Congo,5099.0,4925.325226655104,4955.521704722478
2025-12-31,Denmark,5423.0,5223.231504728055,4948.975687742103
2026-01-31,Denmark,5423.0,5223.231504728055,4948.975687742103
2026-02-28,Denmark,5423.0,5223.231504728055,4948.975687742103
2026-03-31,Denmark,5423.0,5223.231504728055,4948.975687742103
2026-04-30,Denmark,5423.0,5223.231504728055,4948.975687742103
2026-05-31,Denmark,5423.0,5223.231504728055,4948.975687742103
2026-06-01,Denmark,5423.0,5223.231504728055,4948.975687742103
2025-12-31,Djibouti,4315.0,4753.948717948718,4343.782974761046
2026-01-31,Djibouti,4315.0,4753.948717948718,4343.782974761046
2026-02-28,Djibouti,4315.0,4753.948717948718,4343.782974761046
2026-03-31,Djibouti,4315.0,4753.948717948718,4343.782974761046
2026-04-30,Djibouti,4315.0,4753.948717948718,4343.782974761046
2026-05-31,Djibouti,4315.0,4753.948717948718,4343.782974761046
2026-06-01,Djibouti,4315.0,4753.948717948718,4343.782974761046
2025-12-31,Dominica,4030.0,4457.42555756356,4322.534915428156
2026-01-31,Dominica,4030.0,4457.42555756356,4322.534915428156
2026-02-28,Dominica,4030.0,4457.42555756356,4322.534915428156
2026-03-31,Dominica,4030.0,4457.42555756356,4322.534915428156
2026-04-30,Dominica,4030.0,4457.42555756356,4322.534915428156
2026-05-31,Dominica,4030.0,4457.42555756356,4322.534915428156
2026-06-01,Dominica,4030.0,4457.42555756356,4322.534915428156
2025-12-31,Dominican Republic,4734.0,4815.290381208991,4602.868458587553
2026-01-31,Dominican Republic,4734.0,4815.290381208991,4602.868458587553
2026-02-28,Dominican Republic,4734.0,4815.290381208991,4602.868458587553
2026-03-31,Dominican Republic,4734.0,4815.290381208991,4602.868458587553
2026-04-30,Dominican Republic,4734.0,4815.290381208991,4602.868458587553
2026-05-31,Dominican Republic,4734.0,4815.290381208991,4602.868458587553
2026-06-01,Dominican Republic,4734.0,4815.290381208991,4602.868458587553
2025-12-31,East Timor,3821.0,4412.948717948718,4048.58245136586
2026-01-31,East Timor,3821.0,4412.948717948718,4048.58245136586
2026-02-28,East Timor,3821.0,4412.948717948718,4048.58245136586
2026-03-31,East Timor,3821.0,4412.948717948718,4048.58245136586
2026-04-30,East Timor,3821.0,4412.948717948718,4048.58245136586
2026-05-31,East Timor,3821.0,4412.948717948718,4048.58245136586
2026-06-01,East Timor,3821.0,4412.948717948718,4048.58245136586
2025-12-31,Eastern Samoa,2339.0,3464.5714285714284,2897.3284741513608
2026-01-31,Eastern Samoa,2339.0,3464.5714285714284,2897.3284741513608
2026-02-28,Eastern Samoa,2339.0,3464.5714285714284,2897.3284741513608
2026-03-31,Eastern Samoa,2339.0,3464.5714285714284,2897.3284741513608
2026-04-30,Eastern Samoa,2339.0,3464.5714285714284,2897.3284741513608
2026-05-31,Eastern Samoa,2339.0,3464.5714285714284,2897.3284741513608
2026-06-01,Eastern Samoa,2339.0,3464.5714285714284,2897.3284741513608
2025-12-31,Ecuador,5417.0,5077.017926019118,5129.621801683804
2026-01-31,Ecuador,5417.0,5077.017926019118,5129.621801683804
2026-02-28,Ecuador,5417.0,5077.017926019118,5129.621801683804
2026-03-31,Ecuador,5423.0,5069.969543013145,5147.570519632522
2026-04-30,Ecuador,5423.0,5069.969543013145,5147.570519632522
2026-05-31,Ecuador,5417.0,5077.017926019118,5129.621801683804
2026-06-01,Ecuador,5417.0,5077.017926019118,5129.621801683804
2025-12-31,Egypt,5078.0,4903.408330775516,4894.87497810526
2026-01-31,Egypt,5115.0,4917.1642055872335,4924.296248008231
2026-02-28,Egypt,5115.0,4917.1642055872335,4924.296248008231
2026-03-31,Egypt,5160.0,4957.743915732161,4979.460335537455
2026-04-30,Egypt,5160.0,4957.743915732161,4979.460335537455
2026-05-31,Egypt,5169.0,4945.664786484963,4999.4234632829
2026-06-01,Egypt,5169.0,4945.664786484963,4999.4234632829
2025-12-31,El Salvador,4673.0,4711.695874131029,4711.843607298323
2026-01-31,El Salvador,4673.0,4711.695874131029,4711.843607298323
2026-02-28,El Salvador,4673.0,4711.695874131029,4711.843607298323
2026-03-31,El Salvador,4673.0,4711.695874131029,4711.843607298323
2026-04-30,El Salvador,4673.0,4711.695874131029,4711.843607298323
2026-05-31,El Salvador,4673.0,4711.695874131029,4711.843607298323
2026-06-01,El Salvador,4673.0,4711.695874131029,4711.843607298323
2025-12-31,England,5562.0,5200.341845006214,5062.068477472916
2026-01-31,England,5562.0,5200.341845006214,5062.068477472916
2026-02-28,England,5562.0,5200.341845006214,5062.068477472916
2026-03-31,England,5562.0,5200.341845006214,5062.068477472916
2026-04-30,England,5562.0,5200.341845006214,5062.068477472916
2026-05-31,England,5562.0,5200.341845006214,5062.068477472916
2026-06-01,England,5562.0,5200.341845006214,5062.068477472916
2025-12-31,Equatorial Guinea,4823.0,4817.897435897436,4753.775853249402
2026-01-31,Equatorial Guinea,4823.0,4817.897435897436,4753.775853249402
2026-02-28,Equatorial Guinea,4823.0,4817.897435897436,4753.775853249402
2026-03-31,Equatorial Guinea,4826.0,4799.206002024414,4784.632972269639
2026-04-30,Equatorial Guinea,4826.0,4799.206002024414,4784.632972269639
2026-05-31,Equatorial Guinea,4826.0,4799.206002024414,4784.632972269639
2026-06-01,Equatorial Guinea,4826.0,4799.206002024414,4784.632972269639
2025-12-31,Eritrea,4638.0,4777.732104670704,4663.360759445503
2026-01-31,Eritrea,4638.0,4777.732104670704,4663.360759445503
2026-02-28,Eritrea,4638.0,4777.732104670704,4663.360759445503
2026-03-31,Eritrea,4638.0,4777.732104670704,4663.360759445503
2026-04-30,Eritrea,4638.0,4777.732104670704,4663.360759445503
2026-05-31,Eritrea,4638.0,4777.732104670704,4663.360759445503
2026-06-01,Eritrea,4638.0,4777.732104670704,4663.360759445503
2025-12-31,Estonia,4814.0,4827.62669743767,4644.418588273414
2026-01-31,Estonia,4814.0,4827.62669743767,4644.418588273414
2026-02-28,Estonia,4814.0,4827.62669743767,4644.418588273414
2026-03-31,Estonia,4814.0,4827.62669743767,4644.418588273414
2026-04-30,Estonia,4814.0,4827.62669743767,4644.418588273414
2026-05-31,Estonia,4814.0,4827.62669743767,4644.418588273414
2026-06-01,Estonia,4814.0,4827.62669743767,4644.418588273414
2025-12-31,Eswatini,4616.0,4808.6392405544975,4639.267895329296
2026-01-31,Eswatini,4616.0,4808.6392405544975,4639.267895329296
2026-02-28,Eswatini,4616.0,4808.6392405544975,4639.267895329296
2026-03-31,Eswatini,4616.0,4808.6392405544975,4639.267895329296
2026-04-30,Eswatini,4616.0,4808.6392405544975,4639.267895329296
2026-05-31,Eswatini,4616.0,4808.6392405544975,4639.267895329296
2026-06-01,Eswatini,4616.0,4808.6392405544975,4639.267895329296
2025-12-31,Ethiopia,4741.0,4858.0,4673.0
2026-01-31,Ethiopia,4741.0,4858.0,4673.0
2026-02-28,Ethiopia,4741.0,4858.0,4673.0
2026-03-31,Ethiopia,4741.0,4858.0,4673.0
2026-04-30,Ethiopia,4741.0,4858.0,4673.0
2026-05-31,Ethiopia,4741.0,4858.0,4673.0
2026-06-01,Ethiopia,4741.0,4858.0,4673.0
2025-12-31,Faroe Islands,4926.0,4812.688802694778,4795.051282051282
2026-01-31,Faroe Islands,4926.0,4812.688802694778,4795.051282051282
2026-02-28,Faroe Islands,4926.0,4812.688802694778,4795.051282051282
2026-03-31,Faroe Islands,4926.0,4812.688802694778,4795.051282051282
2026-04-30,Faroe Islands,4926.0,4812.688802694778,4795.051282051282
2026-05-31,Faroe Islands,4926.0,4812.688802694778,4795.051282051282
2026-06-01,Faroe Islands,4926.0,4812.688802694778,4795.051282051282
2025-12-31,Fiji,4178.0,4472.0,4321.0
2026-01-31,Fiji,4178.0,4472.0,4321.0
2026-02-28,Fiji,4178.0,4472.0,4321.0
2026-03-31,Fiji,4178.0,4472.0,4321.0
2026-04-30,Fiji,4178.0,4472.0,4321.0
2026-05-31,Fiji,4178.0,4472.0,4321.0
2026-06-01,Fiji,4178.0,4472.0,4321.0
2025-12-31,Finland,5030.0,4986.500846210422,4756.709644127159
2026-01-31,Finland,5030.0,4986.500846210422,4756.709644127159
2026-02-28,Finland,5030.0,4986.500846210422,4756.709644127159
2026-03-31,Finland,5039.0,4986.500846210422,4774.616899619593
2026-04-30,Finland,5039.0,4986.500846210422,4774.616899619593
2026-05-31,Finland,5030.0,4986.500846210422,4756.709644127159
2026-06-01,Finland,5030.0,4986.500846210422,4756.709644127159
2025-12-31,France,5569.0,5283.206289146183,5059.325232878433
2026-01-31,France,5569.0,5283.206289146183,5059.325232878433
2026-02-28,France,5569.0,5283.206289146183,5059.325232878433
2026-03-31,France,5569.0,5283.206289146183,5059.325232878433
2026-04-30,France,5569.0,5283.206289146183,5059.325232878433
2026-05-31,France,5569.0,5283.206289146183,5059.325232878433
2026-06-01,France,5569.0,5283.206289146183,5059.325232878433
2025-12-31,French Guiana,4576.0,4751.0,4560.0
2026-01-31,French Guiana,4576.0,4751.0,4560.0
2026-02-28,French Guiana,4576.0,4751.0,4560.0
2026-03-31,French Guiana,4576.0,4751.0,4560.0
2026-04-30,French Guiana,4576.0,4751.0,4560.0
2026-05-31,French Guiana,4576.0,4751.0,4560.0
2026-06-01,French Guiana,4576.0,4751.0,4560.0
2025-12-31,Gabon,4883.0,4968.947650922873,4700.731687800697
2026-01-31,Gabon,4883.0,4968.947650922873,4700.731687800697
2026-02-28,Gabon,4883.0,4968.947650922873,4700.731687800697
2026-03-31,Gabon,4867.0,4983.459074524769,4674.006188214345
2026-04-30,Gabon,4867.0,4983.459074524769,4674.006188214345
2026-05-31,Gabon,4867.0,4983.459074524769,4674.006188214345
2026-06-01,Gabon,4867.0,4983.459074524769,4674.006188214345
2025-12-31,Gambia,4942.0,5052.123928170142,4715.681790696935
2026-01-31,Gambia,4942.0,5052.123928170142,4715.681790696935
2026-02-28,Gambia,4942.0,5052.123928170142,4715.681790696935
2026-03-31,Gambia,4948.0,5061.948717948718,4732.825123569019
2026-04-30,Gambia,4948.0,5061.948717948718,4732.825123569019
2026-05-31,Gambia,4942.0,5052.123928170142,4715.681790696935
2026-06-01,Gambia,4942.0,5052.123928170142,4715.681790696935
2025-12-31,Georgia,5172.0,5042.901264759193,4817.812400948583
2026-01-31,Georgia,5172.0,5042.901264759193,4817.812400948583
2026-02-28,Georgia,5172.0,5042.901264759193,4817.812400948583
2026-03-31,Georgia,5172.0,5042.901264759193,4817.812400948583
2026-04-30,Georgia,5172.0,5042.901264759193,4817.812400948583
2026-05-31,Georgia,5172.0,5042.901264759193,4817.812400948583
2026-06-01,Georgia,5172.0,5042.901264759193,4817.812400948583
2025-12-31,Germany,5541.0,5290.579243668319,4925.054489185406
2026-01-31,Germany,5541.0,5290.579243668319,4925.054489185406
2026-02-28,Germany,5541.0,5290.579243668319,4925.054489185406
2026-03-31,Germany,5532.0,5272.6719881758845,4925.054489185406
2026-04-30,Germany,5532.0,5272.6719881758845,4925.054489185406
2026-05-31,Germany,5541.0,5290.579243668319,4925.054489185406
2026-06-01,Germany,5541.0,5290.579243668319,4925.054489185406
2025-12-31,Ghana,5045.0,5006.897435897436,4832.93555883747
2026-01-31,Ghana,5045.0,5006.897435897436,4832.93555883747
2026-02-28,Ghana,5045.0,5006.897435897436,4832.93555883747
2026-03-31,Ghana,5048.0,5006.897435897436,4835.211891462517
2026-04-30,Ghana,5048.0,5006.897435897436,4835.211891462517
2026-05-31,Ghana,5045.0,5006.897435897436,4832.93555883747
2026-06-01,Ghana,5045.0,5006.897435897436,4832.93555883747
2025-12-31,Gibraltar,4445.0,4584.853595079771,4441.045191391133
2026-01-31,Gibraltar,4445.0,4584.853595079771,4441.045191391133
2026-02-28,Gibraltar,4445.0,4584.853595079771,4441.045191391133
2026-03-31,Gibraltar,4445.0,4584.853595079771,4441.045191391133
2026-04-30,Gibraltar,4445.0,4584.853595079771,4441.045191391133
2026-05-31,Gibraltar,4445.0,4584.853595079771,4441.045191391133
2026-06-01,Gibraltar,4445.0,4584.853595079771,4441.045191391133
2025-12-31,Greece,5300.0,5105.929529291775,4940.638292021662
2026-01-31,Greece,5300.0,5105.929529291775,4940.638292021662
2026-02-28,Greece,5300.0,5105.929529291775,4940.638292021662
2026-03-31,Greece,5300.0,5105.929529291775,4940.638292021662
2026-04-30,Greece,5300.0,5105.929529291775,4940.638292021662
2026-05-31,Greece,5300.0,5105.929529291775,4940.638292021662
2026-06-01,Greece,5300.0,5105.929529291775,4940.638292021662
2025-12-31,Grenada,4335.0,4653.0,4331.958418873047
2026-01-31,Grenada,4382.0,4653.0,4396.021968521226
2026-02-28,Grenada,4382.0,4653.0,4396.021968521226
2026-03-31,Grenada,4344.0,4653.0,4362.264622088821
2026-04-30,Grenada,4344.0,4653.0,4362.264622088821
2026-05-31,Grenada,4335.0,4653.0,4331.958418873047
2026-06-01,Grenada,4335.0,4653.0,4331.958418873047
2025-12-31,Guadeloupe,4685.0,4823.0,4626.0
2026-01-31,Guadeloupe,4685.0,4823.0,4626.0
2026-02-28,Guadeloupe,4685.0,4823.0,4626.0
2026-03-31,Guadeloupe,4685.0,4823.0,4626.0
2026-04-30,Guadeloupe,4685.0,4823.0,4626.0
2026-05-31,Guadeloupe,4685.0,4823.0,4626.0
2026-06-01,Guadeloupe,4685.0,4823.0,4626.0
2025-12-31,Guam,3752.0,4172.078600478143,3990.142072645609
2026-01-31,Guam,3752.0,4172.078600478143,3990.142072645609
2026-02-28,Guam,3752.0,4172.078600478143,3990.142072645609
2026-03-31,Guam,3752.0,4172.078600478143,3990.142072645609
2026-04-30,Guam,3752.0,4172.078600478143,3990.142072645609
2026-05-31,Guam,3752.0,4172.078600478143,3990.142072645609
2026-06-01,Guam,3752.0,4172.078600478143,3990.142072645609
2025-12-31,Guatemala,4899.0,4927.954417745474,4732.355506313972
2026-01-31,Guatemala,4934.0,4950.0,4776.484691658925
2026-02-28,Guatemala,4934.0,4950.0,4776.484691658925
2026-03-31,Guatemala,4899.0,4927.954417745474,4732.355506313972
2026-04-30,Guatemala,4899.0,4927.954417745474,4732.355506313972
2026-05-31,Guatemala,4899.0,4927.954417745474,4732.355506313972
2026-06-01,Guatemala,4899.0,4927.954417745474,4732.355506313972
2025-12-31,Guinea,4966.0,4921.887739373051,4860.358995448337
2026-01-31,Guinea,4966.0,4921.887739373051,4860.358995448337
2026-02-28,Guinea,4966.0,4921.887739373051,4860.358995448337
2026-03-31,Guinea,4966.0,4921.887739373051,4860.358995448337
2026-04-30,Guinea,4966.0,4921.887739373051,4860.358995448337
2026-05-31,Guinea,4966.0,4921.887739373051,4860.358995448337
2026-06-01,Guinea,4966.0,4921.887739373051,4860.358995448337
2025-12-31,Guinea-Bissau,4736.0,4717.948717948718,4734.562719733533
2026-01-31,Guinea-Bissau,4736.0,4717.948717948718,4734.562719733533
2026-02-28,Guinea-Bissau,4736.0,4717.948717948718,4734.562719733533
2026-03-31,Guinea-Bissau,4736.0,4717.948717948718,4734.562719733533
2026-04-30,Guinea-Bissau,4736.0,4717.948717948718,4734.562719733533
2026-05-31,Guinea-Bissau,4736.0,4717.948717948718,4734.562719733533
2026-06-01,Guinea-Bissau,4736.0,4717.948717948718,4734.562719733533
2025-12-31,Guyana,4619.0,4888.78850226299,4501.358830084891
2026-01-31,Guyana,4619.0,4888.78850226299,4501.358830084891
2026-02-28,Guyana,4619.0,4888.78850226299,4501.358830084891
2026-03-31,Guyana,4619.0,4888.78850226299,4501.358830084891
2026-04-30,Guyana,4619.0,4888.78850226299,4501.358830084891
2026-05-31,Guyana,4619.0,4888.78850226299,4501.358830084891
2026-06-01,Guyana,4619.0,4888.78850226299,4501.358830084891
2025-12-31,Haiti,4985.0,4999.816327403819,4820.942548333138
2026-01-31,Haiti,4985.0,4999.816327403819,4820.942548333138
2026-02-28,Haiti,4985.0,4999.816327403819,4820.942548333138
2026-03-31,Haiti,4985.0,4999.816327403819,4820.942548333138
2026-04-30,Haiti,4985.0,4999.816327403819,4820.942548333138
2026-05-31,Haiti,4985.0,4999.816327403819,4820.942548333138
2026-06-01,Haiti,4985.0,4999.816327403819,4820.942548333138
2025-12-31,Honduras,4958.0,4903.571428571428,4829.943243084551
2026-01-31,Honduras,4958.0,4903.571428571428,4829.943243084551
2026-02-28,Honduras,4958.0,4903.571428571428,4829.943243084551
2026-03-31,Honduras,4958.0,4903.571428571428,4829.943243084551
2026-04-30,Honduras,4958.0,4903.571428571428,4829.943243084551
2026-05-31,Honduras,4958.0,4903.571428571428,4829.943243084551
2026-06-01,Honduras,4958.0,4903.571428571428,4829.943243084551
2025-12-31,Hong Kong,4510.0,4625.948717948718,4464.410980878358
2026-01-31,Hong Kong,4510.0,4625.948717948718,4464.410980878358
2026-02-28,Hong Kong,4510.0,4625.948717948718,4464.410980878358
2026-03-31,Hong Kong,4510.0,4625.948717948718,4464.410980878358
2026-04-30,Hong Kong,4510.0,4625.948717948718,4464.410980878358
2026-05-31,Hong Kong,4510.0,4625.948717948718,4464.410980878358
2026-06-01,Hong Kong,4510.0,4625.948717948718,4464.410980878358
2025-12-31,Hungary,5180.0,4981.419814969892,4880.883735280226
2026-01-31,Hungary,5180.0,4981.419814969892,4880.883735280226
2026-02-28,Hungary,5180.0,4981.419814969892,4880.883735280226
2026-03-31,Hungary,5180.0,4981.419814969892,4880.883735280226
2026-04-30,Hungary,5180.0,4981.419814969892,4880.883735280226
2026-05-31,Hungary,5180.0,4981.419814969892,4880.883735280226
2026-06-01,Hungary,5180.0,4981.419814969892,4880.883735280226
2025-12-31,Iceland,5106.0,5114.214564271475,4793.836404842501
2026-01-31,Iceland,5106.0,5114.214564271475,4793.836404842501
2026-02-28,Iceland,5091.0,5103.0,4746.274713174999
2026-03-31,Iceland,5100.0,5114.214564271475,4766.286749083016
2026-04-30,Iceland,5100.0,5114.214564271475,4766.286749083016
2026-05-31,Iceland,5106.0,5114.214564271475,4793.836404842501
2026-06-01,Iceland,5106.0,5114.214564271475,4793.836404842501
2025-12-31,India,4492.0,4582.589019121642,4552.079851770638
2026-01-31,India,4492.0,4582.589019121642,4552.079851770638
2026-02-28,India,4492.0,4582.589019121642,4552.079851770638
2026-03-31,India,4485.0,4582.589019121642,4536.051282051282
2026-04-30,India,4485.0,4582.589019121642,4536.051282051282
2026-05-31,India,4492.0,4582.589019121642,4552.079851770638
2026-06-01,India,4492.0,4582.589019121642,4552.079851770638
2025-12-31,Indonesia,4684.0,4747.777086030907,4602.232036368249
2026-01-31,Indonesia,4684.0,4747.777086030907,4602.232036368249
2026-02-28,Indonesia,4684.0,4747.777086030907,4602.232036368249
2026-03-31,Indonesia,4684.0,4747.777086030907,4602.232036368249
2026-04-30,Indonesia,4684.0,4747.777086030907,4602.232036368249
2026-05-31,Indonesia,4684.0,4747.777086030907,4602.232036368249
2026-06-01,Indonesia,4684.0,4747.777086030907,4602.232036368249
2025-12-31,Iran,5232.0,5111.25190008238,4912.308984490444
2026-01-31,Iran,5232.0,5111.25190008238,4912.308984490444
2026-02-28,Iran,5232.0,5111.25190008238,4912.308984490444
2026-03-31,Iran,5226.0,5094.108567210295,4902.484194711868
2026-04-30,Iran,5226.0,5094.108567210295,4902.484194711868
2026-05-31,Iran,5232.0,5111.25190008238,4912.308984490444
2026-06-01,Iran,5232.0,5111.25190008238,4912.308984490444
2025-12-31,Iraq,4942.0,4833.096952501904,4811.841051436157
2026-01-31,Iraq,4942.0,4833.096952501904,4811.841051436157
2026-02-28,Iraq,4942.0,4833.096952501904,4811.841051436157
2026-03-31,Iraq,4964.0,4849.293391979038,4822.746051462927
2026-04-30,Iraq,4964.0,4849.293391979038,4822.746051462927
2026-05-31,Iraq,4963.0,4838.853692746152,4822.746051462927
2026-06-01,Iraq,4963.0,4838.853692746152,4822.746051462927
2025-12-31,Ireland,5175.0,4943.403634397608,4873.767758413671
2026-01-31,Ireland,5175.0,4943.403634397608,4873.767758413671
2026-02-28,Ireland,5175.0,4943.403634397608,4873.767758413671
2026-03-31,Ireland,5171.0,4937.755251136753,4873.767758413671
2026-04-30,Ireland,5171.0,4937.755251136753,4873.767758413671
2026-05-31,Ireland,5175.0,4943.403634397608,4873.767758413671
2026-06-01,Ireland,5175.0,4943.403634397608,4873.767758413671
2025-12-31,Israel,5126.0,5116.545992706753,4772.562626904567
2026-01-31,Israel,5126.0,5116.545992706753,4772.562626904567
2026-02-28,Israel,5126.0,5116.545992706753,4772.562626904567
2026-03-31,Israel,5126.0,5116.545992706753,4772.562626904567
2026-04-30,Israel,5126.0,5116.545992706753,4772.562626904567
2026-05-31,Israel,5126.0,5116.545992706753,4772.562626904567
2026-06-01,Israel,5126.0,5116.545992706753,4772.562626904567
2025-12-31,Italy,5379.0,5160.18204684544,4924.318434043129
2026-01-31,Italy,5379.0,5160.18204684544,4924.318434043129
2026-02-28,Italy,5379.0,5160.18204684544,4924.318434043129
2026-03-31,Italy,5379.0,5160.18204684544,4924.318434043129
2026-04-30,Italy,5379.0,5160.18204684544,4924.318434043129
2026-05-31,Italy,5379.0,5160.18204684544,4924.318434043129
2026-06-01,Italy,5379.0,5160.18204684544,4924.318434043129
2025-12-31,Ivory Coast,5111.0,4969.229093405375,4903.300552461701
2026-01-31,Ivory Coast,5132.0,5007.76194667126,4898.757778517487
2026-02-28,Ivory Coast,5132.0,5007.76194667126,4898.757778517487
2026-03-31,Ivory Coast,5172.0,5031.983783509021,4945.8928543634265
2026-04-30,Ivory Coast,5172.0,5031.983783509021,4945.8928543634265
2026-05-31,Ivory Coast,5172.0,5031.983783509021,4945.8928543634265
2026-06-01,Ivory Coast,5172.0,5031.983783509021,4945.8928543634265
2025-12-31,Jamaica,4894.0,4840.204202739788,4800.571770882238
2026-01-31,Jamaica,4920.0,4839.978031478774,4792.0
2026-02-28,Jamaica,4930.0,4856.372957881421,4813.106075861492
2026-03-31,Jamaica,4914.0,4837.315175464297,4821.036283266154
2026-04-30,Jamaica,4914.0,4837.315175464297,4821.036283266154
2026-05-31,Jamaica,4894.0,4840.204202739788,4800.571770882238
2026-06-01,Jamaica,4894.0,4840.204202739788,4800.571770882238
2025-12-31,Japan,5437.0,5204.428261404951,4978.935748681081
2026-01-31,Japan,5437.0,5204.428261404951,4978.935748681081
2026-02-28,Japan,5437.0,5204.428261404951,4978.935748681081
2026-03-31,Japan,5443.0,5231.977917164436,4978.935748681081
2026-04-30,Japan,5443.0,5231.977917164436,4978.935748681081
2026-05-31,Japan,5437.0,5204.428261404951,4978.935748681081
2026-06-01,Japan,5437.0,5204.428261404951,4978.935748681081
2025-12-31,Jordan,5077.0,4979.613589206563,4808.532782374177
2026-01-31,Jordan,5077.0,4979.613589206563,4808.532782374177
2026-02-28,Jordan,5077.0,4979.613589206563,4808.532782374177
2026-03-31,Jordan,5089.0,5025.974942005812,4785.220242995692
2026-04-30,Jordan,5089.0,5025.974942005812,4785.220242995692
2026-05-31,Jordan,5082.0,5043.923659954529,4763.613348999766
2026-06-01,Jordan,5082.0,5043.923659954529,4763.613348999766
2025-12-31,Kazakhstan,4901.0,4840.737001977539,4720.13198373488
2026-01-31,Kazakhstan,4901.0,4840.737001977539,4720.13198373488
2026-02-28,Kazakhstan,4901.0,4840.737001977539,4720.13198373488
2026-03-31,Kazakhstan,4901.0,4840.737001977539,4720.13198373488
2026-04-30,Kazakhstan,4901.0,4840.737001977539,4720.13198373488
2026-05-31,Kazakhstan,4901.0,4840.737001977539,4720.13198373488
2026-06-01,Kazakhstan,4901.0,4840.737001977539,4720.13198373488
2025-12-31,Kenya,4811.0,4876.604863971579,4696.37330256233
2026-01-31,Kenya,4811.0,4876.604863971579,4696.37330256233
2026-02-28,Kenya,4811.0,4876.604863971579,4696.37330256233
2026-03-31,Kenya,4811.0,4876.604863971579,4696.37330256233
2026-04-30,Kenya,4811.0,4876.604863971579,4696.37330256233
2026-05-31,Kenya,4811.0,4876.604863971579,4696.37330256233
2026-06-01,Kenya,4811.0,4876.604863971579,4696.37330256233
2025-12-31,Kiribati,2060.0,3138.0,2338.0
2026-01-31,Kiribati,2060.0,3138.0,2338.0
2026-02-28,Kiribati,2060.0,3138.0,2338.0
2026-03-31,Kiribati,2060.0,3138.0,2338.0
2026-04-30,Kiribati,2060.0,3138.0,2338.0
2026-05-31,Kiribati,2060.0,3138.0,2338.0
2026-06-01,Kiribati,2060.0,3138.0,2338.0
2025-12-31,Kosovo,5202.0,5024.685631127988,4877.129186037852
2026-01-31,Kosovo,5202.0,5024.685631127988,4877.129186037852
2026-02-28,Kosovo,5202.0,5024.685631127988,4877.129186037852
2026-03-31,Kosovo,5206.0,5029.109654426136,4878.924599827549
2026-04-30,Kosovo,5206.0,5029.109654426136,4878.924599827549
2026-05-31,Kosovo,5202.0,5024.685631127988,4877.129186037852
2026-06-01,Kosovo,5202.0,5024.685631127988,4877.129186037852
2025-12-31,Kuwait,4744.0,4803.0,4616.0
2026-01-31,Kuwait,4744.0,4803.0,4616.0
2026-02-28,Kuwait,4744.0,4803.0,4616.0
2026-03-31,Kuwait,4744.0,4803.0,4616.0
2026-04-30,Kuwait,4744.0,4803.0,4616.0
2026-05-31,Kuwait,4744.0,4803.0,4616.0
2026-06-01,Kuwait,4744.0,4803.0,4616.0
2025-12-31,Kyrgyzstan,4683.0,4822.451857753301,4569.356917113276
2026-01-31,Kyrgyzstan,4683.0,4822.451857753301,4569.356917113276
2026-02-28,Kyrgyzstan,4683.0,4822.451857753301,4569.356917113276
2026-03-31,Kyrgyzstan,4683.0,4822.451857753301,4569.356917113276
2026-04-30,Kyrgyzstan,4683.0,4822.451857753301,4569.356917113276
2026-05-31,Kyrgyzstan,4683.0,4822.451857753301,4569.356917113276
2026-06-01,Kyrgyzstan,4683.0,4822.451857753301,4569.356917113276
2025-12-31,Laos,3949.0,4374.53104581783,4097.333450461328
2026-01-31,Laos,3949.0,4374.53104581783,4097.333450461328
2026-02-28,Laos,3949.0,4374.53104581783,4097.333450461328
2026-03-31,Laos,3949.0,4374.53104581783,4097.333450461328
2026-04-30,Laos,3949.0,4374.53104581783,4097.333450461328
2026-05-31,Laos,3949.0,4374.53104581783,4097.333450461328
2026-06-01,Laos,3949.0,4374.53104581783,4097.333450461328
2025-12-31,Latvia,4792.0,4742.954808608867,4721.146404920229
2026-01-31,Latvia,4792.0,4742.954808608867,4721.146404920229
2026-02-28,Latvia,4792.0,4742.954808608867,4721.146404920229
2026-03-31,Latvia,4792.0,4742.954808608867,4721.146404920229
2026-04-30,Latvia,4792.0,4742.954808608867,4721.146404920229
2026-05-31,Latvia,4792.0,4742.954808608867,4721.146404920229
2026-06-01,Latvia,4792.0,4742.954808608867,4721.146404920229
2025-12-31,Lebanon,4680.0,4759.0,4799.0
2026-01-31,Lebanon,4680.0,4759.0,4799.0
2026-02-28,Lebanon,4680.0,4759.0,4799.0
2026-03-31,Lebanon,4680.0,4759.0,4799.0
2026-04-30,Lebanon,4680.0,4759.0,4799.0
2026-05-31,Lebanon,4680.0,4759.0,4799.0
2026-06-01,Lebanon,4680.0,4759.0,4799.0
2025-12-31,Lesotho,4579.0,4735.524582254376,4692.051282051282
2026-01-31,Lesotho,4579.0,4735.524582254376,4692.051282051282
2026-02-28,Lesotho,4579.0,4735.524582254376,4692.051282051282
2026-03-31,Lesotho,4579.0,4735.524582254376,4692.051282051282
2026-04-30,Lesotho,4579.0,4735.524582254376,4692.051282051282
2026-05-31,Lesotho,4579.0,4735.524582254376,4692.051282051282
2026-06-01,Lesotho,4579.0,4735.524582254376,4692.051282051282
2025-12-31,Liberia,4725.0,4823.641879278755,4667.224142863997
2026-01-31,Liberia,4725.0,4823.641879278755,4667.224142863997
2026-02-28,Liberia,4725.0,4823.641879278755,4667.224142863997
2026-03-31,Liberia,4725.0,4823.641879278755,4667.224142863997
2026-04-30,Liberia,4725.0,4823.641879278755,4667.224142863997
2026-05-31,Liberia,4725.0,4823.641879278755,4667.224142863997
2026-06-01,Liberia,4725.0,4823.641879278755,4667.224142863997
2025-12-31,Libya,4879.0,4831.8661150020525,4795.815781160781
2026-01-31,Libya,4879.0,4831.8661150020525,4795.815781160781
2026-02-28,Libya,4879.0,4831.8661150020525,4795.815781160781
2026-03-31,Libya,4879.0,4831.8661150020525,4795.815781160781
2026-04-30,Libya,4879.0,4831.8661150020525,4795.815781160781
2026-05-31,Libya,4879.0,4831.8661150020525,4795.815781160781
2026-06-01,Libya,4879.0,4831.8661150020525,4795.815781160781
2025-12-31,Liechtenstein,4336.0,4546.906124630514,4345.662931127416
2026-01-31,Liechtenstein,4336.0,4546.906124630514,4345.662931127416
2026-02-28,Liechtenstein,4336.0,4546.906124630514,4345.662931127416
2026-03-31,Liechtenstein,4336.0,4546.906124630514,4345.662931127416
2026-04-30,Liechtenstein,4336.0,4546.906124630514,4345.662931127416
2026-05-31,Liechtenstein,4336.0,4546.906124630514,4345.662931127416
2026-06-01,Liechtenstein,4336.0,4546.906124630514,4345.662931127416
2025-12-31,Lithuania,4822.0,4753.534040176839,4701.392831000111
2026-01-31,Lithuania,4822.0,4753.534040176839,4701.392831000111
2026-02-28,Lithuania,4822.0,4753.534040176839,4701.392831000111
2026-03-31,Lithuania,4822.0,4753.534040176839,4701.392831000111
2026-04-30,Lithuania,4822.0,4753.534040176839,4701.392831000111
2026-05-31,Lithuania,4822.0,4753.534040176839,4701.392831000111
2026-06-01,Lithuania,4822.0,4753.534040176839,4701.392831000111
2025-12-31,Luxembourg,4931.0,4821.644911558217,4776.059968085998
2026-01-31,Luxembourg,4931.0,4821.644911558217,4776.059968085998
2026-02-28,Luxembourg,4931.0,4821.644911558217,4776.059968085998
2026-03-31,Luxembourg,4931.0,4821.644911558217,4776.059968085998
2026-04-30,Luxembourg,4931.0,4821.644911558217,4776.059968085998
2026-05-31,Luxembourg,4931.0,4821.644911558217,4776.059968085998
2026-06-01,Luxembourg,4931.0,4821.644911558217,4776.059968085998
2025-12-31,Macao,3635.0,4173.948717948718,3997.739588432413
2026-01-31,Macao,3635.0,4173.948717948718,3997.739588432413
2026-02-28,Macao,3635.0,4173.948717948718,3997.739588432413
2026-03-31,Macao,3635.0,4173.948717948718,3997.739588432413
2026-04-30,Macao,3635.0,4173.948717948718,3997.739588432413
2026-05-31,Macao,3635.0,4173.948717948718,3997.739588432413
2026-06-01,Macao,3635.0,4173.948717948718,3997.739588432413
2025-12-31,Madagascar,4837.0,4921.820841803025,4733.204698183182
2026-01-31,Madagascar,4837.0,4921.820841803025,4733.204698183182
2026-02-28,Madagascar,4837.0,4921.820841803025,4733.204698183182
2026-03-31,Madagascar,4837.0,4921.820841803025,4733.204698183182
2026-04-30,Madagascar,4837.0,4921.820841803025,4733.204698183182
2026-05-31,Madagascar,4837.0,4921.820841803025,4733.204698183182
2026-06-01,Madagascar,4837.0,4921.820841803025,4733.204698183182
2025-12-31,Malawi,4690.0,4731.0,4767.000105360554
2026-01-31,Malawi,4690.0,4731.0,4767.000105360554
2026-02-28,Malawi,4690.0,4731.0,4767.000105360554
2026-03-31,Malawi,4690.0,4731.0,4767.000105360554
2026-04-30,Malawi,4690.0,4731.0,4767.000105360554
2026-05-31,Malawi,4690.0,4731.0,4767.000105360554
2026-06-01,Malawi,4690.0,4731.0,4767.000105360554
2025-12-31,Malaysia,4581.0,4715.596370407121,4481.886294544617
2026-01-31,Malaysia,4581.0,4715.596370407121,4481.886294544617
2026-02-28,Malaysia,4581.0,4715.596370407121,4481.886294544617
2026-03-31,Malaysia,4581.0,4715.596370407121,4481.886294544617
2026-04-30,Malaysia,4581.0,4715.596370407121,4481.886294544617
2026-05-31,Malaysia,4581.0,4715.596370407121,4481.886294544617
2026-06-01,Malaysia,4581.0,4715.596370407121,4481.886294544617
2025-12-31,Maldives,4140.0,4503.41754863414,4270.051282051282
2026-01-31,Maldives,4140.0,4503.41754863414,4270.051282051282
2026-02-28,Maldives,4140.0,4503.41754863414,4270.051282051282
2026-03-31,Maldives,4140.0,4503.41754863414,4270.051282051282
2026-04-30,Maldives,4140.0,4503.41754863414,4270.051282051282
2026-05-31,Maldives,4140.0,4503.41754863414,4270.051282051282
2026-06-01,Maldives,4140.0,4503.41754863414,4270.051282051282
2025-12-31,Mali,5119.0,4923.268169204095,4927.577392297455
2026-01-31,Mali,5115.0,4916.956264366089,4946.950839377674
2026-02-28,Mali,5115.0,4916.956264366089,4946.950839377674
2026-03-31,Mali,5124.0,4916.956264366089,4976.178461452185
2026-04-30,Mali,5124.0,4916.956264366089,4976.178461452185
2026-05-31,Mali,5124.0,4916.956264366089,4976.178461452185
2026-06-01,Mali,5124.0,4916.956264366089,4976.178461452185
2025-12-31,Malta,4689.0,4734.940031914002,4569.355088441783
2026-01-31,Malta,4689.0,4734.940031914002,4569.355088441783
2026-02-28,Malta,4689.0,4734.940031914002,4569.355088441783
2026-03-31,Malta,4689.0,4734.940031914002,4569.355088441783
2026-04-30,Malta,4689.0,4734.940031914002,4569.355088441783
2026-05-31,Malta,4689.0,4734.940031914002,4569.355088441783
2026-06-01,Malta,4689.0,4734.940031914002,4569.355088441783
2025-12-31,Martinique,4653.0,4701.948046683858,4662.658850355721
2026-01-31,Martinique,4653.0,4701.948046683858,4662.658850355721
2026-02-28,Martinique,4672.0,4707.893924138508,4672.605073597353
2026-03-31,Martinique,4653.0,4701.948046683858,4662.658850355721
2026-04-30,Martinique,4653.0,4701.948046683858,4662.658850355721
2026-05-31,Martinique,4653.0,4701.948046683858,4662.658850355721
2026-06-01,Martinique,4653.0,4701.948046683858,4662.658850355721
2025-12-31,Mauritania,4794.0,4766.948717948718,4810.987341156286
2026-01-31,Mauritania,4794.0,4766.948717948718,4810.987341156286
2026-02-28,Mauritania,4794.0,4766.948717948718,4810.987341156286
2026-03-31,Mauritania,4794.0,4766.948717948718,4810.987341156286
2026-04-30,Mauritania,4794.0,4766.948717948718,4810.987341156286
2026-05-31,Mauritania,4794.0,4766.948717948718,4810.987341156286
2026-06-01,Mauritania,4794.0,4766.948717948718,4810.987341156286
2025-12-31,Mauritius,4591.0,4616.993993501383,4715.204739869212
2026-01-31,Mauritius,4591.0,4616.993993501383,4715.204739869212
2026-02-28,Mauritius,4591.0,4616.993993501383,4715.204739869212
2026-03-31,Mauritius,4591.0,4616.993993501383,4715.204739869212
2026-04-30,Mauritius,4591.0,4616.993993501383,4715.204739869212
2026-05-31,Mauritius,4591.0,4616.993993501383,4715.204739869212
2026-06-01,Mauritius,4591.0,4616.993993501383,4715.204739869212
2025-12-31,Mexico,5314.0,5006.159497141567,5055.213685533656
2026-01-31,Mexico,5277.0,5011.53428559428,4996.847078779751
2026-02-28,Mexico,5296.0,5039.259572419281,4996.847078779751
2026-03-31,Mexico,5306.0,5009.566493938406,5034.8889578408325
2026-04-30,Mexico,5306.0,5009.566493938406,5034.8889578408325
2026-05-31,Mexico,5314.0,5006.159497141567,5055.213685533656
2026-06-01,Mexico,5314.0,5006.159497141567,5055.213685533656
2025-12-31,Moldova,4682.0,4779.962662518841,4563.731891803655
2026-01-31,Moldova,4682.0,4779.962662518841,4563.731891803655
2026-02-28,Moldova,4682.0,4779.962662518841,4563.731891803655
2026-03-31,Moldova,4682.0,4779.962662518841,4563.731891803655
2026-04-30,Moldova,4682.0,4779.962662518841,4563.731891803655
2026-05-31,Moldova,4682.0,4779.962662518841,4563.731891803655
2026-06-01,Moldova,4682.0,4779.962662518841,4563.731891803655
2025-12-31,Mongolia,3973.0,4274.0,4241.999596627981
2026-01-31,Mongolia,3973.0,4274.0,4241.999596627981
2026-02-28,Mongolia,3973.0,4274.0,4241.999596627981
2026-03-31,Mongolia,3973.0,4274.0,4241.999596627981
2026-04-30,Mongolia,3973.0,4274.0,4241.999596627981
2026-05-31,Mongolia,3973.0,4274.0,4241.999596627981
2026-06-01,Mongolia,3973.0,4274.0,4241.999596627981
2025-12-31,Montenegro,4907.0,4905.651014726267,4645.636769268263
2026-01-31,Montenegro,4907.0,4905.651014726267,4645.636769268263
2026-02-28,Montenegro,4907.0,4905.651014726267,4645.636769268263
2026-03-31,Montenegro,4907.0,4905.651014726267,4645.636769268263
2026-04-30,Montenegro,4907.0,4905.651014726267,4645.636769268263
2026-05-31,Montenegro,4907.0,4905.651014726267,4645.636769268263
2026-06-01,Montenegro,4907.0,4905.651014726267,4645.636769268263
2025-12-31,Montserrat,4211.0,4633.0,4346.0
2026-01-31,Montserrat,4211.0,4633.0,4346.0
2026-02-28,Montserrat,4211.0,4633.0,4346.0
2026-03-31,Montserrat,4211.0,4633.0,4346.0
2026-04-30,Montserrat,4211.0,4633.0,4346.0
2026-05-31,Montserrat,4211.0,4633.0,4346.0
2026-06-01,Montserrat,4211.0,4633.0,4346.0
2025-12-31,Morocco,5324.0,5099.37917852148,4911.732755701122
2026-01-31,Morocco,5280.0,5024.421440793236,4938.847390151549
2026-02-28,Morocco,5280.0,5024.421440793236,4938.847390151549
2026-03-31,Morocco,5292.0,5058.823986148029,4954.897181908457
2026-04-30,Morocco,5292.0,5058.823986148029,4954.897181908457
2026-05-31,Morocco,5308.0,5092.661556435826,4954.897181908457
2026-06-01,Morocco,5308.0,5092.661556435826,4954.897181908457
2025-12-31,Mozambique,4829.0,4900.8790055326845,4691.192603313701
2026-01-31,Mozambique,4793.0,4879.359996084962,4663.8362820049
2026-02-28,Mozambique,4793.0,4879.359996084962,4663.8362820049
2026-03-31,Mozambique,4793.0,4879.359996084962,4663.8362820049
2026-04-30,Mozambique,4793.0,4879.359996084962,4663.8362820049
2026-05-31,Mozambique,4793.0,4879.359996084962,4663.8362820049
2026-06-01,Mozambique,4793.0,4879.359996084962,4663.8362820049
2025-12-31,Myanmar,4154.0,4547.879101629776,4214.7762907636725
2026-01-31,Myanmar,4154.0,4547.879101629776,4214.7762907636725
2026-02-28,Myanmar,4154.0,4547.879101629776,4214.7762907636725
2026-03-31,Myanmar,4154.0,4547.879101629776,4214.7762907636725
2026-04-30,Myanmar,4154.0,4547.879101629776,4214.7762907636725
2026-05-31,Myanmar,4154.0,4547.879101629776,4214.7762907636725
2026-06-01,Myanmar,4154.0,4547.879101629776,4214.7762907636725
2025-12-31,Namibia,4756.0,4813.8701743768925,4763.4515405725415
2026-01-31,Namibia,4756.0,4813.8701743768925,4763.4515405725415
2026-02-28,Namibia,4756.0,4813.8701743768925,4763.4515405725415
2026-03-31,Namibia,4756.0,4813.8701743768925,4763.4515405725415
2026-04-30,Namibia,4756.0,4813.8701743768925,4763.4515405725415
2026-05-31,Namibia,4756.0,4813.8701743768925,4763.4515405725415
2026-06-01,Namibia,4756.0,4813.8701743768925,4763.4515405725415
2025-12-31,Nepal,4162.0,4404.666549538672,4377.46895418217
2026-01-31,Nepal,4162.0,4404.666549538672,4377.46895418217
2026-02-28,Nepal,4162.0,4404.666549538672,4377.46895418217
2026-03-31,Nepal,4162.0,4404.666549538672,4377.46895418217
2026-04-30,Nepal,4162.0,4404.666549538672,4377.46895418217
2026-05-31,Nepal,4162.0,4404.666549538672,4377.46895418217
2026-06-01,Nepal,4162.0,4404.666549538672,4377.46895418217
2025-12-31,Netherlands,5538.0,5308.407899521982,4957.282140629241
2026-01-31,Netherlands,5538.0,5308.407899521982,4957.282140629241
2026-02-28,Netherlands,5538.0,5308.407899521982,4957.282140629241
2026-03-31,Netherlands,5538.0,5308.407899521982,4957.282140629241
2026-04-30,Netherlands,5538.0,5308.407899521982,4957.282140629241
2026-05-31,Netherlands,5538.0,5308.407899521982,4957.282140629241
2026-06-01,Netherlands,5538.0,5308.407899521982,4957.282140629241
2025-12-31,New Caledonia,4472.0,4670.0,4506.057782417124
2026-01-31,New Caledonia,4472.0,4670.0,4506.057782417124
2026-02-28,New Caledonia,4472.0,4670.0,4506.057782417124
2026-03-31,New Caledonia,4472.0,4670.0,4506.057782417124
2026-04-30,New Caledonia,4472.0,4670.0,4506.057782417124
2026-05-31,New Caledonia,4472.0,4670.0,4506.057782417124
2026-06-01,New Caledonia,4472.0,4670.0,4506.057782417124
2025-12-31,New Zealand,5105.0,5039.218343486068,4861.00384115214
2026-01-31,New Zealand,5105.0,5039.218343486068,4861.00384115214
2026-02-28,New Zealand,5105.0,5039.218343486068,4861.00384115214
2026-03-31,New Zealand,5105.0,5039.218343486068,4861.00384115214
2026-04-30,New Zealand,5105.0,5039.218343486068,4861.00384115214
2026-05-31,New Zealand,5105.0,5039.218343486068,4861.00384115214
2026-06-01,New Zealand,5105.0,5039.218343486068,4861.00384115214
2025-12-31,Nicaragua,4730.0,4784.948717948718,4696.07453465837
2026-01-31,Nicaragua,4730.0,4784.948717948718,4696.07453465837
2026-02-28,Nicaragua,4730.0,4784.948717948718,4696.07453465837
2026-03-31,Nicaragua,4719.0,4784.948717948718,4666.591176450502
2026-04-30,Nicaragua,4719.0,4784.948717948718,4666.591176450502
2026-05-31,Nicaragua,4730.0,4784.948717948718,4696.07453465837
2026-06-01,Nicaragua,4730.0,4784.948717948718,4696.07453465837
2025-12-31,Niger,4892.0,4937.986712573785,4806.354096925588
2026-01-31,Niger,4892.0,4937.986712573785,4806.354096925588
2026-02-28,Niger,4892.0,4937.986712573785,4806.354096925588
2026-03-31,Niger,4892.0,4937.986712573785,4806.354096925588
2026-04-30,Niger,4892.0,4937.986712573785,4806.354096925588
2026-05-31,Niger,4892.0,4937.986712573785,4806.354096925588
2026-06-01,Niger,4892.0,4937.986712573785,4806.354096925588
2025-12-31,Nigeria,5122.0,5077.773493338528,4813.607652611441
2026-01-31,Nigeria,5196.0,5065.646873021488,4912.461911301842
2026-02-28,Nigeria,5196.0,5065.646873021488,4912.461911301842
2026-03-31,Nigeria,5203.0,5091.679501890355,4902.647567164148
2026-04-30,Nigeria,5203.0,5091.679501890355,4902.647567164148
2026-05-31,Nigeria,5236.0,5118.112891746249,4902.647567164148
2026-06-01,Nigeria,5236.0,5118.112891746249,4902.647567164148
2025-12-31,Niue,1313.0,1319.0,1693.0
2026-01-31,Niue,1313.0,1319.0,1693.0
2026-02-28,Niue,1313.0,1319.0,1693.0
2026-03-31,Niue,1313.0,1319.0,1693.0
2026-04-30,Niue,1313.0,1319.0,1693.0
2026-05-31,Niue,1313.0,1319.0,1693.0
2026-06-01,Niue,1313.0,1319.0,1693.0
2025-12-31,North Korea,4773.0,4877.0,4701.0
2026-01-31,North Korea,4773.0,4877.0,4701.0
2026-02-28,North Korea,4773.0,4877.0,4701.0
2026-03-31,North Korea,4773.0,4877.0,4701.0
2026-04-30,North Korea,4773.0,4877.0,4701.0
2026-05-31,North Korea,4773.0,4877.0,4701.0
2026-06-01,North Korea,4773.0,4877.0,4701.0
2025-12-31,North Macedonia,5027.0,4913.0,4843.713010883385
2026-01-31,North Macedonia,5027.0,4913.0,4843.713010883385
2026-02-28,North Macedonia,5027.0,4913.0,4843.713010883385
2026-03-31,North Macedonia,5022.0,4913.0,4815.810814838644
2026-04-30,North Macedonia,5022.0,4913.0,4815.810814838644
2026-05-31,North Macedonia,5027.0,4913.0,4843.713010883385
2026-06-01,North Macedonia,5027.0,4913.0,4843.713010883385
2025-12-31,Northern Ireland,5121.0,4990.948717948718,4901.239225135459
2026-01-31,Northern Ireland,5121.0,4990.948717948718,4901.239225135459
2026-02-28,Northern Ireland,5121.0,4990.948717948718,4901.239225135459
2026-03-31,Northern Ireland,5121.0,4990.948717948718,4901.239225135459
2026-04-30,Northern Ireland,5121.0,4990.948717948718,4901.239225135459
2026-05-31,Northern Ireland,5121.0,4990.948717948718,4901.239225135459
2026-06-01,Northern Ireland,5121.0,4990.948717948718,4901.239225135459
2025-12-31,Northern Mariana Islands,2825.0,3883.0,3381.0
2026-01-31,Northern Mariana Islands,2825.0,3883.0,3381.0
2026-02-28,Northern Mariana Islands,2825.0,3883.0,3381.0
2026-03-31,Northern Mariana Islands,2825.0,3883.0,3381.0
2026-04-30,Northern Mariana Islands,2825.0,3883.0,3381.0
2026-05-31,Northern Mariana Islands,2825.0,3883.0,3381.0
2026-06-01,Northern Mariana Islands,2825.0,3883.0,3381.0
2025-12-31,Norway,5534.0,5265.988882611099,4953.669755319283
2026-01-31,Norway,5534.0,5265.988882611099,4953.669755319283
2026-02-28,Norway,5534.0,5265.988882611099,4953.669755319283
2026-03-31,Norway,5534.0,5265.988882611099,4953.669755319283
2026-04-30,Norway,5534.0,5265.988882611099,4953.669755319283
2026-05-31,Norway,5534.0,5265.988882611099,4953.669755319283
2026-06-01,Norway,5534.0,5265.988882611099,4953.669755319283
2025-12-31,Oman,4837.0,4757.0,4776.0
2026-01-31,Oman,4837.0,4757.0,4776.0
2026-02-28,Oman,4837.0,4757.0,4776.0
2026-03-31,Oman,4837.0,4757.0,4776.0
2026-04-30,Oman,4837.0,4757.0,4776.0
2026-05-31,Oman,4837.0,4757.0,4776.0
2026-06-01,Oman,4837.0,4757.0,4776.0
2025-12-31,Pakistan,4048.0,4356.364167786278,4277.051297056622
2026-01-31,Pakistan,4048.0,4356.364167786278,4277.051297056622
2026-02-28,Pakistan,4048.0,4356.364167786278,4277.051297056622
2026-03-31,Pakistan,4048.0,4356.364167786278,4277.051297056622
2026-04-30,Pakistan,4048.0,4356.364167786278,4277.051297056622
2026-05-31,Pakistan,4048.0,4356.364167786278,4277.051297056622
2026-06-01,Pakistan,4048.0,4356.364167786278,4277.051297056622
2025-12-31,Palau,521.0,1037.0,1297.0
2026-01-31,Palau,521.0,1037.0,1297.0
2026-02-28,Palau,521.0,1037.0,1297.0
2026-03-31,Palau,521.0,1037.0,1297.0
2026-04-30,Palau,521.0,1037.0,1297.0
2026-05-31,Palau,521.0,1037.0,1297.0
2026-06-01,Palau,521.0,1037.0,1297.0
2025-12-31,Palestine,4853.0,4857.632652274276,4774.910859178869
2026-01-31,Palestine,4853.0,4857.632652274276,4774.910859178869
2026-02-28,Palestine,4853.0,4857.632652274276,4774.910859178869
2026-03-31,Palestine,4853.0,4857.632652274276,4774.910859178869
2026-04-30,Palestine,4853.0,4857.632652274276,4774.910859178869
2026-05-31,Palestine,4853.0,4857.632652274276,4774.910859178869
2026-06-01,Palestine,4853.0,4857.632652274276,4774.910859178869
2025-12-31,Panama,5094.0,5038.485346617866,4827.06291901547
2026-01-31,Panama,5099.0,5003.516267766435,4840.095890582333
2026-02-28,Panama,5099.0,5003.516267766435,4840.095890582333
2026-03-31,Panama,5106.0,5009.913918046437,4864.984169502701
2026-04-30,Panama,5106.0,5009.913918046437,4864.984169502701
2026-05-31,Panama,5094.0,5038.485346617866,4827.06291901547
2026-06-01,Panama,5094.0,5038.485346617866,4827.06291901547
2025-12-31,Papua New Guinea,4193.0,4484.0,4273.0
2026-01-31,Papua New Guinea,4193.0,4484.0,4273.0
2026-02-28,Papua New Guinea,4193.0,4484.0,4273.0
2026-03-31,Papua New Guinea,4193.0,4484.0,4273.0
2026-04-30,Papua New Guinea,4193.0,4484.0,4273.0
2026-05-31,Papua New Guinea,4193.0,4484.0,4273.0
2026-06-01,Papua New Guinea,4193.0,4484.0,4273.0
2025-12-31,Paraguay,5322.0,5061.783796053711,5012.732908021924
2026-01-31,Paraguay,5322.0,5061.783796053711,5012.732908021924
2026-02-28,Paraguay,5322.0,5061.783796053711,5012.732908021924
2026-03-31,Paraguay,5322.0,5061.783796053711,5012.732908021924
2026-04-30,Paraguay,5322.0,5061.783796053711,5012.732908021924
2026-05-31,Paraguay,5322.0,5061.783796053711,5012.732908021924
2026-06-01,Paraguay,5322.0,5061.783796053711,5012.732908021924
2025-12-31,Peru,5213.0,4972.232241586329,4993.0
2026-01-31,Peru,5213.0,4972.232241586329,4993.0
2026-02-28,Peru,5213.0,4972.232241586329,4993.0
2026-03-31,Peru,5195.0,4984.288998501778,4953.524339159168
2026-04-30,Peru,5195.0,4984.288998501778,4953.524339159168
2026-05-31,Peru,5195.0,4984.288998501778,4953.524339159168
2026-06-01,Peru,5195.0,4984.288998501778,4953.524339159168
2025-12-31,Philippines,4503.0,4711.948717948718,4472.482628802298
2026-01-31,Philippines,4503.0,4711.948717948718,4472.482628802298
2026-02-28,Philippines,4503.0,4711.948717948718,4472.482628802298
2026-03-31,Philippines,4503.0,4711.948717948718,4472.482628802298
2026-04-30,Philippines,4503.0,4711.948717948718,4472.482628802298
2026-05-31,Philippines,4503.0,4711.948717948718,4472.482628802298
2026-06-01,Philippines,4503.0,4711.948717948718,4472.482628802298
2025-12-31,Poland,5206.0,5047.8607576294135,4818.910540308807
2026-01-31,Poland,5206.0,5047.8607576294135,4818.910540308807
2026-02-28,Poland,5206.0,5047.8607576294135,4818.910540308807
2026-03-31,Poland,5223.0,5075.606771123443,4830.465714225325
2026-04-30,Poland,5223.0,5075.606771123443,4830.465714225325
2026-05-31,Poland,5206.0,5047.8607576294135,4818.910540308807
2026-06-01,Poland,5206.0,5047.8607576294135,4818.910540308807
2025-12-31,Portugal,5564.0,5282.943306416984,5013.000119798976
2026-01-31,Portugal,5564.0,5282.943306416984,5013.000119798976
2026-02-28,Portugal,5564.0,5282.943306416984,5013.000119798976
2026-03-31,Portugal,5564.0,5282.943306416984,5013.000119798976
2026-04-30,Portugal,5564.0,5282.943306416984,5013.000119798976
2026-05-31,Portugal,5564.0,5282.943306416984,5013.000119798976
2026-06-01,Portugal,5564.0,5282.943306416984,5013.000119798976
2025-12-31,Puerto Rico,4449.0,4663.168497298178,4457.0
2026-01-31,Puerto Rico,4449.0,4663.168497298178,4457.0
2026-02-28,Puerto Rico,4449.0,4663.168497298178,4457.0
2026-03-31,Puerto Rico,4449.0,4663.168497298178,4457.0
2026-04-30,Puerto Rico,4449.0,4663.168497298178,4457.0
2026-05-31,Puerto Rico,4449.0,4663.168497298178,4457.0
2026-06-01,Puerto Rico,4449.0,4663.168497298178,4457.0
2025-12-31,Qatar,4861.0,4849.0,4611.657819954919
2026-01-31,Qatar,4861.0,4849.0,4611.657819954919
2026-02-28,Qatar,4861.0,4849.0,4611.657819954919
2026-03-31,Qatar,4861.0,4849.0,4611.657819954919
2026-04-30,Qatar,4861.0,4849.0,4611.657819954919
2026-05-31,Qatar,4861.0,4849.0,4611.657819954919
2026-06-01,Qatar,4861.0,4849.0,4611.657819954919
2025-12-31,Reunion,4754.0,4770.0,4740.0
2026-01-31,Reunion,4754.0,4770.0,4740.0
2026-02-28,Reunion,4754.0,4770.0,4740.0
2026-03-31,Reunion,4754.0,4770.0,4740.0
2026-04-30,Reunion,4754.0,4770.0,4740.0
2026-05-31,Reunion,4754.0,4770.0,4740.0
2026-06-01,Reunion,4754.0,4770.0,4740.0
2025-12-31,Romania,5149.0,4987.713876569571,4794.989741655629
2026-01-31,Romania,5149.0,4987.713876569571,4794.989741655629
2026-02-28,Romania,5149.0,4987.713876569571,4794.989741655629
2026-03-31,Romania,5149.0,4987.713876569571,4794.989741655629
2026-04-30,Romania,5149.0,4987.713876569571,4794.989741655629
2026-05-31,Romania,5149.0,4987.713876569571,4794.989741655629
2026-06-01,Romania,5149.0,4987.713876569571,4794.989741655629
2025-12-31,Russia,5321.0,5129.218073729542,4898.130411298481
2026-01-31,Russia,5321.0,5129.218073729542,4898.130411298481
2026-02-28,Russia,5321.0,5129.218073729542,4898.130411298481
2026-03-31,Russia,5330.0,5149.181201474988,4886.051282051282
2026-04-30,Russia,5330.0,5149.181201474988,4886.051282051282
2026-05-31,Russia,5321.0,5129.218073729542,4898.130411298481
2026-06-01,Russia,5321.0,5129.218073729542,4898.130411298481
2025-12-31,Rwanda,4844.0,4795.733894187412,4790.0
2026-01-31,Rwanda,4844.0,4795.733894187412,4790.0
2026-02-28,Rwanda,4844.0,4795.733894187412,4790.0
2026-03-31,Rwanda,4844.0,4795.733894187412,4790.0
2026-04-30,Rwanda,4844.0,4795.733894187412,4790.0
2026-05-31,Rwanda,4844.0,4795.733894187412,4790.0
2026-06-01,Rwanda,4844.0,4795.733894187412,4790.0
2025-12-31,Saint Kitts and Nevis,4072.0,4561.644663688961,4195.408409717019
2026-01-31,Saint Kitts and Nevis,4072.0,4561.644663688961,4195.408409717019
2026-02-28,Saint Kitts and Nevis,4072.0,4561.644663688961,4195.408409717019
2026-03-31,Saint Kitts and Nevis,4072.0,4561.644663688961,4195.408409717019
2026-04-30,Saint Kitts and Nevis,4072.0,4561.644663688961,4195.408409717019
2026-05-31,Saint Kitts and Nevis,4072.0,4561.644663688961,4195.408409717019
2026-06-01,Saint Kitts and Nevis,4072.0,4561.644663688961,4195.408409717019
2025-12-31,Saint Lucia,4131.0,4557.948717948718,4264.713927139445
2026-01-31,Saint Lucia,4131.0,4557.948717948718,4264.713927139445
2026-02-28,Saint Lucia,4131.0,4557.948717948718,4264.713927139445
2026-03-31,Saint Lucia,4131.0,4557.948717948718,4264.713927139445
2026-04-30,Saint Lucia,4131.0,4557.948717948718,4264.713927139445
2026-05-31,Saint Lucia,4131.0,4557.948717948718,4264.713927139445
2026-06-01,Saint Lucia,4131.0,4557.948717948718,4264.713927139445
2025-12-31,Saint Martin,4181.0,4517.346979747656,4329.878792457127
2026-01-31,Saint Martin,4181.0,4517.346979747656,4329.878792457127
2026-02-28,Saint Martin,4181.0,4517.346979747656,4329.878792457127
2026-03-31,Saint Martin,4181.0,4517.346979747656,4329.878792457127
2026-04-30,Saint Martin,4181.0,4517.346979747656,4329.878792457127
2026-05-31,Saint Martin,4181.0,4517.346979747656,4329.878792457127
2026-06-01,Saint Martin,4181.0,4517.346979747656,4329.878792457127
2025-12-31,Samoa,3175.0,3695.0,3504.0
2026-01-31,Samoa,3175.0,3695.0,3504.0
2026-02-28,Samoa,3175.0,3695.0,3504.0
2026-03-31,Samoa,3175.0,3695.0,3504.0
2026-04-30,Samoa,3175.0,3695.0,3504.0
2026-05-31,Samoa,3175.0,3695.0,3504.0
2026-06-01,Samoa,3175.0,3695.0,3504.0
2025-12-31,San Marino,4258.0,4552.434414303979,4281.88552570266
2026-01-31,San Marino,4258.0,4552.434414303979,4281.88552570266
2026-02-28,San Marino,4258.0,4552.434414303979,4281.88552570266
2026-03-31,San Marino,4258.0,4552.434414303979,4281.88552570266
2026-04-30,San Marino,4258.0,4552.434414303979,4281.88552570266
2026-05-31,San Marino,4258.0,4552.434414303979,4281.88552570266
2026-06-01,San Marino,4258.0,4552.434414303979,4281.88552570266
2025-12-31,Saudi Arabia,4982.0,4815.992655334321,4879.2680103111625
2026-01-31,Saudi Arabia,4982.0,4815.992655334321,4879.2680103111625
2026-02-28,Saudi Arabia,4982.0,4815.992655334321,4879.2680103111625
2026-03-31,Saudi Arabia,4961.0,4814.154267779314,4837.171447789401
2026-04-30,Saudi Arabia,4961.0,4814.154267779314,4837.171447789401
2026-05-31,Saudi Arabia,4967.0,4832.102985728032,4830.123064783428
2026-06-01,Saudi Arabia,4967.0,4832.102985728032,4830.123064783428
2025-12-31,Scotland,5285.0,5091.594632901776,4889.094487925839
2026-01-31,Scotland,5285.0,5091.594632901776,4889.094487925839
2026-02-28,Scotland,5285.0,5091.594632901776,4889.094487925839
2026-03-31,Scotland,5280.0,5067.72254619402,4907.043205874556
2026-04-30,Scotland,5280.0,5067.72254619402,4907.043205874556
2026-05-31,Scotland,5285.0,5091.594632901776,4889.094487925839
2026-06-01,Scotland,5285.0,5091.594632901776,4889.094487925839
2025-12-31,Senegal,5306.0,5166.774921371473,4954.051282051282
2026-01-31,Senegal,5329.0,5149.239426846394,4981.2547325729865
2026-02-28,Senegal,5329.0,5149.239426846394,4981.2547325729865
2026-03-31,Senegal,5338.0,5166.318535546779,4963.306014624269
2026-04-30,Senegal,5338.0,5166.318535546779,4963.306014624269
2026-05-31,Senegal,5330.0,5173.725891230357,4940.562088053241
2026-06-01,Senegal,5330.0,5173.725891230357,4940.562088053241
2025-12-31,Serbia,5188.0,5001.255279028945,4902.946559704801
2026-01-31,Serbia,5188.0,5001.255279028945,4902.946559704801
2026-02-28,Serbia,5188.0,5001.255279028945,4902.946559704801
2026-03-31,Serbia,5215.0,5025.516852376833,4930.523047943636
2026-04-30,Serbia,5215.0,5025.516852376833,4930.523047943636
2026-05-31,Serbia,5188.0,5001.255279028945,4902.946559704801
2026-06-01,Serbia,5188.0,5001.255279028945,4902.946559704801
2025-12-31,Seychelles,4132.0,4698.948717948718,4227.475417745624
2026-01-31,Seychelles,4132.0,4698.948717948718,4227.475417745624
2026-02-28,Seychelles,4132.0,4698.948717948718,4227.475417745624
2026-03-31,Seychelles,4132.0,4698.948717948718,4227.475417745624
2026-04-30,Seychelles,4132.0,4698.948717948718,4227.475417745624
2026-05-31,Seychelles,4132.0,4698.948717948718,4227.475417745624
2026-06-01,Seychelles,4132.0,4698.948717948718,4227.475417745624
2025-12-31,Sierra Leone,4811.0,4840.108094117641,4763.198482560519
2026-01-31,Sierra Leone,4811.0,4840.108094117641,4763.198482560519
2026-02-28,Sierra Leone,4811.0,4840.108094117641,4763.198482560519
2026-03-31,Sierra Leone,4811.0,4840.108094117641,4763.198482560519
2026-04-30,Sierra Leone,4811.0,4840.108094117641,4763.198482560519
2026-05-31,Sierra Leone,4811.0,4840.108094117641,4763.198482560519
2026-06-01,Sierra Leone,4811.0,4840.108094117641,4763.198482560519
2025-12-31,Singapore,4403.0,4645.117975800975,4378.0
2026-01-31,Singapore,4403.0,4645.117975800975,4378.0
2026-02-28,Singapore,4403.0,4645.117975800975,4378.0
2026-03-31,Singapore,4391.0,4621.117572428956,4378.0
2026-04-30,Singapore,4391.0,4621.117572428956,4378.0
2026-05-31,Singapore,4403.0,4645.117975800975,4378.0
2026-06-01,Singapore,4403.0,4645.117975800975,4378.0
2025-12-31,Sint Maarten,4057.0,4473.11342304136,4208.0834254857
2026-01-31,Sint Maarten,4057.0,4473.11342304136,4208.0834254857
2026-02-28,Sint Maarten,4057.0,4473.11342304136,4208.0834254857
2026-03-31,Sint Maarten,4057.0,4473.11342304136,4208.0834254857
2026-04-30,Sint Maarten,4057.0,4473.11342304136,4208.0834254857
2026-05-31,Sint Maarten,4057.0,4473.11342304136,4208.0834254857
2026-06-01,Sint Maarten,4057.0,4473.11342304136,4208.0834254857
2025-12-31,Slovakia,5138.0,4979.7777814582005,4879.706413285501
2026-01-31,Slovakia,5138.0,4979.7777814582005,4879.706413285501
2026-02-28,Slovakia,5138.0,4979.7777814582005,4879.706413285501
2026-03-31,Slovakia,5138.0,4979.7777814582005,4879.706413285501
2026-04-30,Slovakia,5138.0,4979.7777814582005,4879.706413285501
2026-05-31,Slovakia,5138.0,4979.7777814582005,4879.706413285501
2026-06-01,Slovakia,5138.0,4979.7777814582005,4879.706413285501
2025-12-31,Slovenia,5181.0,4945.363230731737,4982.113254843018
2026-01-31,Slovenia,5181.0,4945.363230731737,4982.113254843018
2026-02-28,Slovenia,5181.0,4945.363230731737,4982.113254843018
2026-03-31,Slovenia,5181.0,4945.363230731737,4982.113254843018
2026-04-30,Slovenia,5181.0,4945.363230731737,4982.113254843018
2026-05-31,Slovenia,5181.0,4945.363230731737,4982.113254843018
2026-06-01,Slovenia,5181.0,4945.363230731737,4982.113254843018
2025-12-31,Solomon Islands,4131.0,4522.834416316632,4244.329631398628
2026-01-31,Solomon Islands,4131.0,4522.834416316632,4244.329631398628
2026-02-28,Solomon Islands,4131.0,4522.834416316632,4244.329631398628
2026-03-31,Solomon Islands,4131.0,4522.834416316632,4244.329631398628
2026-04-30,Solomon Islands,4131.0,4522.834416316632,4244.329631398628
2026-05-31,Solomon Islands,4131.0,4522.834416316632,4244.329631398628
2026-06-01,Solomon Islands,4131.0,4522.834416316632,4244.329631398628
2025-12-31,Somalia,4512.0,4716.795260130788,4648.006006498617
2026-01-31,Somalia,4512.0,4716.795260130788,4648.006006498617
2026-02-28,Somalia,4512.0,4716.795260130788,4648.006006498617
2026-03-31,Somalia,4512.0,4716.795260130788,4648.006006498617
2026-04-30,Somalia,4512.0,4716.795260130788,4648.006006498617
2026-05-31,Somalia,4512.0,4716.795260130788,4648.006006498617
2026-06-01,Somalia,4512.0,4716.795260130788,4648.006006498617
2025-12-31,South Africa,5009.0,4937.363140217321,4771.166117579006
2026-01-31,South Africa,4997.0,4932.861482501681,4761.386744696551
2026-02-28,South Africa,4997.0,4932.861482501681,4761.386744696551
2026-03-31,South Africa,4990.0,4907.973203581313,4754.989094416549
2026-04-30,South Africa,4990.0,4907.973203581313,4754.989094416549
2026-05-31,South Africa,4979.0,4878.489845373445,4754.989094416549
2026-06-01,South Africa,4979.0,4878.489845373445,4754.989094416549
2025-12-31,South Korea,5197.0,5057.752823571556,4893.846401894797
2026-01-31,South Korea,5197.0,5057.752823571556,4893.846401894797
2026-02-28,South Korea,5197.0,5057.752823571556,4893.846401894797
2026-03-31,South Korea,5177.0,5023.7341640537,4874.589953741056
2026-04-30,South Korea,5177.0,5023.7341640537,4874.589953741056
2026-05-31,South Korea,5197.0,5057.752823571556,4893.846401894797
2026-06-01,South Korea,5197.0,5057.752823571556,4893.846401894797
2025-12-31,South Sudan,4566.0,4729.217025238954,4605.051282051282
2026-01-31,South Sudan,4566.0,4729.217025238954,4605.051282051282
2026-02-28,South Sudan,4566.0,4729.217025238954,4605.051282051282
2026-03-31,South Sudan,4566.0,4729.217025238954,4605.051282051282
2026-04-30,South Sudan,4566.0,4729.217025238954,4605.051282051282
2026-05-31,South Sudan,4566.0,4729.217025238954,4605.051282051282
2026-06-01,South Sudan,4566.0,4729.217025238954,4605.051282051282
2025-12-31,Spain,5703.0,5396.151252082147,5058.0
2026-01-31,Spain,5703.0,5396.151252082147,5058.0
2026-02-28,Spain,5703.0,5396.151252082147,5058.0
2026-03-31,Spain,5703.0,5396.151252082147,5058.0
2026-04-30,Spain,5703.0,5396.151252082147,5058.0
2026-05-31,Spain,5703.0,5396.151252082147,5058.0
2026-06-01,Spain,5703.0,5396.151252082147,5058.0
2025-12-31,Sri Lanka,4073.0,4294.593220338983,4354.923356452752
2026-01-31,Sri Lanka,4073.0,4294.593220338983,4354.923356452752
2026-02-28,Sri Lanka,4073.0,4294.593220338983,4354.923356452752
2026-03-31,Sri Lanka,4073.0,4294.593220338983,4354.923356452752
2026-04-30,Sri Lanka,4073.0,4294.593220338983,4354.923356452752
2026-05-31,Sri Lanka,4073.0,4294.593220338983,4354.923356452752
2026-06-01,Sri Lanka,4073.0,4294.593220338983,4354.923356452752
2025-12-31,St Vincent & Grenadines,4407.0,4740.065086179828,4454.987955530232
2026-01-31,St Vincent & Grenadines,4407.0,4740.065086179828,4454.987955530232
2026-02-28,St Vincent & Grenadines,4407.0,4740.065086179828,4454.987955530232
2026-03-31,St Vincent & Grenadines,4407.0,4740.065086179828,4454.987955530232
2026-04-30,St Vincent & Grenadines,4407.0,4740.065086179828,4454.987955530232
2026-05-31,St Vincent & Grenadines,4407.0,4740.065086179828,4454.987955530232
2026-06-01,St Vincent & Grenadines,4407.0,4740.065086179828,4454.987955530232
2025-12-31,Sudan,4819.0,4813.296729884261,4837.265641919036
2026-01-31,Sudan,4820.0,4831.245447832979,4818.799231348734
2026-02-28,Sudan,4820.0,4831.245447832979,4818.799231348734
2026-03-31,Sudan,4820.0,4831.245447832979,4818.799231348734
2026-04-30,Sudan,4820.0,4831.245447832979,4818.799231348734
2026-05-31,Sudan,4820.0,4831.245447832979,4818.799231348734
2026-06-01,Sudan,4820.0,4831.245447832979,4818.799231348734
2025-12-31,Suriname,4865.0,4881.959524798968,4748.8556812376255
2026-01-31,Suriname,4865.0,4881.959524798968,4748.8556812376255
2026-02-28,Suriname,4865.0,4881.959524798968,4748.8556812376255
2026-03-31,Suriname,4865.0,4881.959524798968,4748.8556812376255
2026-04-30,Suriname,4865.0,4881.959524798968,4748.8556812376255
2026-05-31,Suriname,4865.0,4881.959524798968,4748.8556812376255
2026-06-01,Suriname,4865.0,4881.959524798968,4748.8556812376255
2025-12-31,Sweden,5252.0,5157.942306308584,4798.4005935642
2026-01-31,Sweden,5252.0,5157.942306308584,4798.4005935642
2026-02-28,Sweden,5252.0,5157.942306308584,4798.4005935642
2026-03-31,Sweden,5252.0,5157.942306308584,4798.4005935642
2026-04-30,Sweden,5252.0,5157.942306308584,4798.4005935642
2026-05-31,Sweden,5252.0,5157.942306308584,4798.4005935642
2026-06-01,Sweden,5252.0,5157.942306308584,4798.4005935642
2025-12-31,Switzerland,5447.0,5224.0067944393,4978.57546469998
2026-01-31,Switzerland,5447.0,5224.0067944393,4978.57546469998
2026-02-28,Switzerland,5447.0,5224.0067944393,4978.57546469998
2026-03-31,Switzerland,5440.0,5202.399900443373,4996.524182648698
2026-04-30,Switzerland,5440.0,5202.399900443373,4996.524182648698
2026-05-31,Switzerland,5447.0,5224.0067944393,4978.57546469998
2026-06-01,Switzerland,5447.0,5224.0067944393,4978.57546469998
2025-12-31,Syria,4880.0,4908.0,4719.239520769757
2026-01-31,Syria,4880.0,4908.0,4719.239520769757
2026-02-28,Syria,4880.0,4908.0,4719.239520769757
2026-03-31,Syria,4900.0,4941.790346746136,4701.29080282104
2026-04-30,Syria,4900.0,4941.790346746136,4701.29080282104
2026-05-31,Syria,4900.0,4941.790346746136,4701.29080282104
2026-06-01,Syria,4900.0,4941.790346746136,4701.29080282104
2025-12-31,São Tomé and Príncipe,4437.0,4791.0,4416.0
2026-01-31,São Tomé and Príncipe,4437.0,4791.0,4416.0
2026-02-28,São Tomé and Príncipe,4437.0,4791.0,4416.0
2026-03-31,São Tomé and Príncipe,4437.0,4791.0,4416.0
2026-04-30,São Tomé and Príncipe,4437.0,4791.0,4416.0
2026-05-31,São Tomé and Príncipe,4437.0,4791.0,4416.0
2026-06-01,São Tomé and Príncipe,4437.0,4791.0,4416.0
2025-12-31,Tahiti,4201.0,4419.0,4347.0
2026-01-31,Tahiti,4201.0,4419.0,4347.0
2026-02-28,Tahiti,4201.0,4419.0,4347.0
2026-03-31,Tahiti,4201.0,4419.0,4347.0
2026-04-30,Tahiti,4201.0,4419.0,4347.0
2026-05-31,Tahiti,4201.0,4419.0,4347.0
2026-06-01,Tahiti,4201.0,4419.0,4347.0
2025-12-31,Taiwan,4099.0,4570.076643547248,4168.406779661017
2026-01-31,Taiwan,4099.0,4570.076643547248,4168.406779661017
2026-02-28,Taiwan,4099.0,4570.076643547248,4168.406779661017
2026-03-31,Taiwan,4099.0,4570.076643547248,4168.406779661017
2026-04-30,Taiwan,4099.0,4570.076643547248,4168.406779661017
2026-05-31,Taiwan,4099.0,4570.076643547248,4168.406779661017
2026-06-01,Taiwan,4099.0,4570.076643547248,4168.406779661017
2025-12-31,Tajikistan,4637.0,4724.517371197702,4603.051282051282
2026-01-31,Tajikistan,4637.0,4724.517371197702,4603.051282051282
2026-02-28,Tajikistan,4637.0,4724.517371197702,4603.051282051282
2026-03-31,Tajikistan,4637.0,4724.517371197702,4603.051282051282
2026-04-30,Tajikistan,4637.0,4724.517371197702,4603.051282051282
2026-05-31,Tajikistan,4637.0,4724.517371197702,4603.051282051282
2026-06-01,Tajikistan,4637.0,4724.517371197702,4603.051282051282
2025-12-31,Tanzania,4834.0,4783.271681585968,4791.226385293806
2026-01-31,Tanzania,4854.0,4783.271681585968,4813.210031511796
2026-02-28,Tanzania,4854.0,4783.271681585968,4813.210031511796
2026-03-31,Tanzania,4825.0,4785.759447541524,4795.261313563078
2026-04-30,Tanzania,4825.0,4785.759447541524,4795.261313563078
2026-05-31,Tanzania,4825.0,4785.759447541524,4795.261313563078
2026-06-01,Tanzania,4825.0,4785.759447541524,4795.261313563078
2025-12-31,Thailand,4741.0,4828.430920196644,4517.894475568431
2026-01-31,Thailand,4741.0,4828.430920196644,4517.894475568431
2026-02-28,Thailand,4741.0,4828.430920196644,4517.894475568431
2026-03-31,Thailand,4741.0,4828.430920196644,4517.894475568431
2026-04-30,Thailand,4741.0,4828.430920196644,4517.894475568431
2026-05-31,Thailand,4741.0,4828.430920196644,4517.894475568431
2026-06-01,Thailand,4741.0,4828.430920196644,4517.894475568431
2025-12-31,Togo,4824.0,4833.917048290373,4756.631827753869
2026-01-31,Togo,4824.0,4833.917048290373,4756.631827753869
2026-02-28,Togo,4824.0,4833.917048290373,4756.631827753869
2026-03-31,Togo,4824.0,4833.917048290373,4756.631827753869
2026-04-30,Togo,4824.0,4833.917048290373,4756.631827753869
2026-05-31,Togo,4824.0,4833.917048290373,4756.631827753869
2026-06-01,Togo,4824.0,4833.917048290373,4756.631827753869
2025-12-31,Tonga,2782.0,3483.0,3244.0
2026-01-31,Tonga,2782.0,3483.0,3244.0
2026-02-28,Tonga,2782.0,3483.0,3244.0
2026-03-31,Tonga,2782.0,3483.0,3244.0
2026-04-30,Tonga,2782.0,3483.0,3244.0
2026-05-31,Tonga,2782.0,3483.0,3244.0
2026-06-01,Tonga,2782.0,3483.0,3244.0
2025-12-31,Trinidad and Tobago,4721.0,4864.900580058042,4566.571023503216
2026-01-31,Trinidad and Tobago,4721.0,4864.900580058042,4566.571023503216
2026-02-28,Trinidad and Tobago,4721.0,4864.900580058042,4566.571023503216
2026-03-31,Trinidad and Tobago,4741.0,4884.157028211783,4600.589683021072
2026-04-30,Trinidad and Tobago,4741.0,4884.157028211783,4600.589683021072
2026-05-31,Trinidad and Tobago,4721.0,4864.900580058042,4566.571023503216
2026-06-01,Trinidad and Tobago,4721.0,4864.900580058042,4566.571023503216
2025-12-31,Tunisia,5097.0,4994.267266065289,4835.916370947836
2026-01-31,Tunisia,5098.0,4988.991915278344,4842.228275785842
2026-02-28,Tunisia,5098.0,4988.991915278344,4842.228275785842
2026-03-31,Tunisia,5120.0,4977.40623124516,4894.133187155891
2026-04-30,Tunisia,5120.0,4977.40623124516,4894.133187155891
2026-05-31,Tunisia,5120.0,4977.40623124516,4894.133187155891
2026-06-01,Tunisia,5120.0,4977.40623124516,4894.133187155891
2025-12-31,Turkey,5382.0,5175.307877058622,4919.470055718792
2026-01-31,Turkey,5382.0,5175.307877058622,4919.470055718792
2026-02-28,Turkey,5382.0,5175.307877058622,4919.470055718792
2026-03-31,Turkey,5382.0,5175.307877058622,4919.470055718792
2026-04-30,Turkey,5382.0,5175.307877058622,4919.470055718792
2026-05-31,Turkey,5382.0,5175.307877058622,4919.470055718792
2026-06-01,Turkey,5382.0,5175.307877058622,4919.470055718792
2025-12-31,Turkmenistan,4554.0,4721.105524431569,4514.569079803356
2026-01-31,Turkmenistan,4554.0,4721.105524431569,4514.569079803356
2026-02-28,Turkmenistan,4554.0,4721.105524431569,4514.569079803356
2026-03-31,Turkmenistan,4554.0,4721.105524431569,4514.569079803356
2026-04-30,Turkmenistan,4554.0,4721.105524431569,4514.569079803356
2026-05-31,Turkmenistan,4554.0,4721.105524431569,4514.569079803356
2026-06-01,Turkmenistan,4554.0,4721.105524431569,4514.569079803356
2025-12-31,Turks and Caicos Islands,3477.0,4181.0,3876.0
2026-01-31,Turks and Caicos Islands,3477.0,4181.0,3876.0
2026-02-28,Turks and Caicos Islands,3477.0,4181.0,3876.0
2026-03-31,Turks and Caicos Islands,3477.0,4181.0,3876.0
2026-04-30,Turks and Caicos Islands,3477.0,4181.0,3876.0
2026-05-31,Turks and Caicos Islands,3477.0,4181.0,3876.0
2026-06-01,Turks and Caicos Islands,3477.0,4181.0,3876.0
2025-12-31,Tuvalu,2914.0,3854.0,3120.0
2026-01-31,Tuvalu,2914.0,3854.0,3120.0
2026-02-28,Tuvalu,2914.0,3854.0,3120.0
2026-03-31,Tuvalu,2914.0,3854.0,3120.0
2026-04-30,Tuvalu,2914.0,3854.0,3120.0
2026-05-31,Tuvalu,2914.0,3854.0,3120.0
2026-06-01,Tuvalu,2914.0,3854.0,3120.0
2025-12-31,US Virgin Islands,3522.0,4097.592925370496,3948.118001484784
2026-01-31,US Virgin Islands,3522.0,4097.592925370496,3948.118001484784
2026-02-28,US Virgin Islands,3522.0,4097.592925370496,3948.118001484784
2026-03-31,US Virgin Islands,3522.0,4097.592925370496,3948.118001484784
2026-04-30,US Virgin Islands,3522.0,4097.592925370496,3948.118001484784
2026-05-31,US Virgin Islands,3522.0,4097.592925370496,3948.118001484784
2026-06-01,US Virgin Islands,3522.0,4097.592925370496,3948.118001484784
2025-12-31,Uganda,4842.0,4847.676676852353,4736.096074128144
2026-01-31,Uganda,4842.0,4847.676676852353,4736.096074128144
2026-02-28,Uganda,4842.0,4847.676676852353,4736.096074128144
2026-03-31,Uganda,4842.0,4847.676676852353,4736.096074128144
2026-04-30,Uganda,4842.0,4847.676676852353,4736.096074128144
2026-05-31,Uganda,4842.0,4847.676676852353,4736.096074128144
2026-06-01,Uganda,4842.0,4847.676676852353,4736.096074128144
2025-12-31,Ukraine,5240.0,5119.772676930319,4928.417234874056
2026-01-31,Ukraine,5240.0,5119.772676930319,4928.417234874056
2026-02-28,Ukraine,5240.0,5119.772676930319,4928.417234874056
2026-03-31,Ukraine,5223.0,5108.2175030138005,4900.6712213800265
2026-04-30,Ukraine,5223.0,5108.2175030138005,4900.6712213800265
2026-05-31,Ukraine,5240.0,5119.772676930319,4928.417234874056
2026-06-01,Ukraine,5240.0,5119.772676930319,4928.417234874056
2025-12-31,United Arab Emirates,4941.0,4843.269422481675,4766.4284008089735
2026-01-31,United Arab Emirates,4941.0,4843.269422481675,4766.4284008089735
2026-02-28,United Arab Emirates,4941.0,4843.269422481675,4766.4284008089735
2026-03-31,United Arab Emirates,4941.0,4843.269422481675,4766.4284008089735
2026-04-30,United Arab Emirates,4941.0,4843.269422481675,4766.4284008089735
2026-05-31,United Arab Emirates,4941.0,4843.269422481675,4766.4284008089735
2026-06-01,United Arab Emirates,4941.0,4843.269422481675,4766.4284008089735
2025-12-31,United States,5225.0,5057.553417239767,4796.64611681622
2026-01-31,United States,5225.0,5057.553417239767,4796.64611681622
2026-02-28,United States,5225.0,5057.553417239767,4796.64611681622
2026-03-31,United States,5217.0,5034.809490668738,4804.053472499798
2026-04-30,United States,5217.0,5034.809490668738,4804.053472499798
2026-05-31,United States,5225.0,5057.553417239767,4796.64611681622
2026-06-01,United States,5225.0,5057.553417239767,4796.64611681622
2025-12-31,Uruguay,5383.0,5074.299556513758,5121.434241219125
2026-01-31,Uruguay,5383.0,5074.299556513758,5121.434241219125
2026-02-28,Uruguay,5383.0,5074.299556513758,5121.434241219125
2026-03-31,Uruguay,5383.0,5074.299556513758,5121.434241219125
2026-04-30,Uruguay,5383.0,5074.299556513758,5121.434241219125
2026-05-31,Uruguay,5383.0,5074.299556513758,5121.434241219125
2026-06-01,Uruguay,5383.0,5074.299556513758,5121.434241219125
2025-12-31,Uzbekistan,5121.0,4910.721313694908,4885.382766315711
2026-01-31,Uzbekistan,5113.0,4917.275343352545,4882.428571428572
2026-02-28,Uzbekistan,5113.0,4917.275343352545,4882.428571428572
2026-03-31,Uzbekistan,5121.0,4910.721313694908,4885.382766315711
2026-04-30,Uzbekistan,5121.0,4910.721313694908,4885.382766315711
2026-05-31,Uzbekistan,5121.0,4910.721313694908,4885.382766315711
2026-06-01,Uzbekistan,5121.0,4910.721313694908,4885.382766315711
2025-12-31,Vanuatu,4146.0,4462.0,4241.0
2026-01-31,Vanuatu,4146.0,4462.0,4241.0
2026-02-28,Vanuatu,4146.0,4462.0,4241.0
2026-03-31,Vanuatu,4146.0,4462.0,4241.0
2026-04-30,Vanuatu,4146.0,4462.0,4241.0
2026-05-31,Vanuatu,4146.0,4462.0,4241.0
2026-06-01,Vanuatu,4146.0,4462.0,4241.0
2025-12-31,Venezuela,5211.0,5045.57230127797,4918.122501032207
2026-01-31,Venezuela,5211.0,5045.57230127797,4918.122501032207
2026-02-28,Venezuela,5211.0,5045.57230127797,4918.122501032207
2026-03-31,Venezuela,5211.0,5045.57230127797,4918.122501032207
2026-04-30,Venezuela,5211.0,5045.57230127797,4918.122501032207
2026-05-31,Venezuela,5211.0,5045.57230127797,4918.122501032207
2026-06-01,Venezuela,5211.0,5045.57230127797,4918.122501032207
2025-12-31,Vietnam,4664.0,4742.082057858241,4556.403629592879
2026-01-31,Vietnam,4664.0,4742.082057858241,4556.403629592879
2026-02-28,Vietnam,4664.0,4742.082057858241,4556.403629592879
2026-03-31,Vietnam,4664.0,4742.082057858241,4556.403629592879
2026-04-30,Vietnam,4664.0,4742.082057858241,4556.403629592879
2026-05-31,Vietnam,4664.0,4742.082057858241,4556.403629592879
2026-06-01,Vietnam,4664.0,4742.082057858241,4556.403629592879
2025-12-31,Wales,5201.0,4980.5710444702,4832.102564102564
2026-01-31,Wales,5201.0,4980.5710444702,4832.102564102564
2026-02-28,Wales,5201.0,4980.5710444702,4832.102564102564
2026-03-31,Wales,5201.0,4980.5710444702,4832.102564102564
2026-04-30,Wales,5201.0,4980.5710444702,4832.102564102564
2026-05-31,Wales,5201.0,4980.5710444702,4832.102564102564
2026-06-01,Wales,5201.0,4980.5710444702,4832.102564102564
2025-12-31,Yemen,4581.0,4792.0,4497.0
2026-01-31,Yemen,4581.0,4792.0,4497.0
2026-02-28,Yemen,4581.0,4792.0,4497.0
2026-03-31,Yemen,4581.0,4792.0,4497.0
2026-04-30,Yemen,4581.0,4792.0,4497.0
2026-05-31,Yemen,4581.0,4792.0,4497.0
2026-06-01,Yemen,4581.0,4792.0,4497.0
2025-12-31,Zambia,4842.0,4898.971071852581,4727.502534147765
2026-01-31,Zambia,4842.0,4898.971071852581,4727.502534147765
2026-02-28,Zambia,4842.0,4898.971071852581,4727.502534147765
2026-03-31,Zambia,4833.0,4898.971071852581,4700.556632047523
2026-04-30,Zambia,4833.0,4898.971071852581,4700.556632047523
2026-05-31,Zambia,4833.0,4898.971071852581,4700.556632047523
2026-06-01,Zambia,4833.0,4898.971071852581,4700.556632047523
2025-12-31,Zanzibar,4796.0,4836.0,4779.0
2026-01-31,Zanzibar,4796.0,4836.0,4779.0
2026-02-28,Zanzibar,4796.0,4836.0,4779.0
2026-03-31,Zanzibar,4796.0,4836.0,4779.0
2026-04-30,Zanzibar,4796.0,4836.0,4779.0
2026-05-31,Zanzibar,4796.0,4836.0,4779.0
2026-06-01,Zanzibar,4796.0,4836.0,4779.0
2025-12-31,Zimbabwe,4824.0,4836.379801339442,4794.244830614645
2026-01-31,Zimbabwe,4824.0,4836.379801339442,4794.244830614645
2026-02-28,Zimbabwe,4824.0,4836.379801339442,4794.244830614645
2026-03-31,Zimbabwe,4904.0,4899.069522688888,4839.878448247349
2026-04-30,Zimbabwe,4904.0,4899.069522688888,4839.878448247349
2026-05-31,Zimbabwe,4884.0,4880.151925694041,4833.909570775371
2026-06-01,Zimbabwe,4884.0,4880.151925694041,4833.909570775371
